disposition,pl_orbper,pl_orbsmax,pl_rade,pl_eqt,st_teff,st_rad,st_mass,sy_dist
CONFIRMED,41.688644,,2.35545351,,5703.0,0.956122,0.963861,179.461
CONFIRMED,41.6855,0.241,2.23,546.0,5766.0,0.928,0.961,179.461
CONFIRMED,41.6855,,2.57807,,5766.0,1.08,1.67,179.461
CANDIDATE,2.30183,,1.12,1054.0,4616.52,0.762602,0.73,97.1795
CANDIDATE,2.302368,,1.31258765,,4720.0,0.710995,,97.1795
CANDIDATE,1.1947488,,4.19,,3919.0,0.57,,290.062
CANDIDATE,6.178369,,9.91257877,,5015.0,0.789478,,117.704
CANDIDATE,6.17887,,8.84,772.0,4719.28,0.849432,0.756,117.704
CANDIDATE,1.17589,,0.86,,,0.309,,166.5844
CANDIDATE,10.6966,,1.45,,,0.588,,212.291
CANDIDATE,1.5374115,,45.0,,,1.599,,666.23
CANDIDATE,2.71189,,4.34,2336.0,6402.0,3.16745,1.28,1032.42
CANDIDATE,18.10549,,2.09985108,,6213.0,1.224685,,266.864
CONFIRMED,6.7987,0.0349,1.047,,3648.0,0.282,0.287,
CANDIDATE,79.9999,,10.2,,4542.0,0.508,,333.46
CANDIDATE,,,30.0,,,0.707,,333.46
CANDIDATE,17.77297,,26.44,830.0,5847.0,1.25428,1.06,601.265
CANDIDATE,0.99656225,,32.8,,3727.0,0.5,,335.632
CANDIDATE,14.912381,,3.55,,4224.0,0.65,,360.103
CANDIDATE,14.9139,,3.24,,,0.647,,360.103
CANDIDATE,0.57303573,,3.35,,3570.0,0.43,,1138.64
CONFIRMED,28.1656,,1.87,,,,0.41,159.259
CONFIRMED,28.1696,,2.2,,,0.374,,159.259
CANDIDATE,7.90417,,2.06,,,0.374,,159.259
CANDIDATE,7.9069606,,3.02,,3772.0,0.52,,159.259
CANDIDATE,1.0829614,,1.56,,3875.0,0.56,,299.406
CANDIDATE,0.905655,,1.57,,,0.576,,190.075
CANDIDATE,0.90552205,,1.52,,3710.0,0.5,,190.075
CANDIDATE,2.7541129,,4.87,,3834.0,0.55,,793.131
CANDIDATE,2.75421,,8.4,,,0.89,,793.131
CANDIDATE,2.75391,,3.78,,3918.0,0.436,,793.131
FALSE POSITIVE,50.285869,,3.47,,4859.0,0.74,,829.248
FALSE POSITIVE,50.27762,,209.52,1466.0,5141.0,10.96,,829.248
CANDIDATE,10.50439,,1.75,,,0.878,,84.947
CANDIDATE,1.684208,,5.51,,,0.431,,325.636
CANDIDATE,0.2122013,,0.519,,,0.188,,71.8937
CANDIDATE,0.21219899,,1.05,,3468.0,0.37,,71.8937
CANDIDATE,0.212194,,0.77,,3299.0,0.26,,71.8937
CANDIDATE,1.5778643,,7.55,,4811.0,0.73,,290.883
CANDIDATE,1.57771549,,,,5163.0,1.15585,0.87,290.883
CANDIDATE,1.57771549,,,,7333.0,2.56752,1.66,307.784
CANDIDATE,13.0113,,2.43,713.0,5347.0,0.880221,0.92,501.257
CANDIDATE,40.70206194,,,,3759.0,0.572892,0.565387,118.959
CANDIDATE,21.204739,,9.11013939,,5154.0,1.761722,,573.991
FALSE POSITIVE,2.519334,,3.91,,6283.0,1.45,,476.884
FALSE POSITIVE,2.5194039,,7.65729,,6380.0,1.76,,476.884
FALSE POSITIVE,2.519386,,19.6,,,2.03,,476.884
FALSE POSITIVE,2.51881781,,,,6380.0,1.76277,,476.884
FALSE POSITIVE,2.5194078,,7.99,,7119.0,1.72,,476.884
CANDIDATE,13.383629,,2.87289326,,5216.0,0.815235,,194.195
CANDIDATE,13.38382,,2.7,608.0,5113.71,0.65973,0.86,194.195
CANDIDATE,11.8951,,,,5040.0,0.68,,449.79
CANDIDATE,40.1401,,20.8,,,0.716,,342.596
CANDIDATE,7.4433,,2.73,,,0.724,,328.871
CANDIDATE,2.638,,2.91,1313.0,4264.47,,,
CANDIDATE,27.47083,,3.36,480.0,4947.03,0.749863,0.81,273.773
CANDIDATE,2.8268121,,40.1,,5736.0,0.98,,649.666
CONFIRMED,0.72091,,1.5,,5633.0,0.94,,706.391
CANDIDATE,4.44044,,1.32,,,1.053,,243.084
CANDIDATE,4.4416421,,1.17,,5547.0,0.9,,243.084
CANDIDATE,4.441258,,1.12422498,,5450.0,0.833852,,243.084
CANDIDATE,11.20381,,2.18,,,1.1,,325.849
CANDIDATE,8.006875,,2.384,,5403.0,0.846,0.904,511.581
CANDIDATE,3.3643115,,85.6,,6240.0,1.32,,147.352
CONFIRMED,2.13174,,0.692,,,,0.78,253.026
CANDIDATE,13.837814,,1.96,,4535.0,0.7,,253.026
CANDIDATE,13.8394,,1.29,,,0.554,,253.026
CANDIDATE,7.79983,,1.37,,,0.554,,253.026
CANDIDATE,7.7991586,,1.57,,4535.0,0.7,,253.026
CANDIDATE,3.883,,1.06,,,0.554,,253.026
CANDIDATE,2.3330982,,5.48,,3726.0,0.5,,166.356
CANDIDATE,2.33293,,3.2,,3508.0,0.224,,166.356
CANDIDATE,2.333123,,2.95,,,0.224,,166.356
CANDIDATE,20.2073,,2.12,,,0.7624,,345.0
CANDIDATE,36.7099,,,,5069.12,5.33871,,792.41
CANDIDATE,36.762337,,3.44,,4932.0,0.75,,792.41
CANDIDATE,19.565799,,6.412,,4486.0,0.854,1.193,
CANDIDATE,6.39916,,1.48,,,0.7006,,333.838
CANDIDATE,6.3991398,,1.85,,5210.0,0.8,,333.838
CANDIDATE,2.72273204,,,,8002.0,2.85976,1.93,262.833
CANDIDATE,15.695142,,2.028,,4270.0,0.625,0.743,197.438
CANDIDATE,2.48038,,1.44,,,1.27,,415.742
CANDIDATE,1.9668579,,1.51,,5063.0,0.77,,410.984
CANDIDATE,1.96712,,1.73,,,0.826,,410.984
FALSE POSITIVE,,,,,4419.0,0.52,,527.641
CANDIDATE,12.726743,,1.91,,4767.0,0.73,,393.612
CANDIDATE,13.2359,,2.09,,,0.924,,690.858
CANDIDATE,0.18746328,,217.0,,46696.0,17.27,,141.166
CANDIDATE,8.6382631,,8.53,,3720.0,0.5,,1338.23
CANDIDATE,8.63829,,6.81,,3960.0,0.438,,1338.23
CANDIDATE,8.6381,,15.99,536.0,3987.0,0.5,,1338.23
CANDIDATE,8.63795,,15.1,,,0.438,,1338.23
FALSE POSITIVE,5.7968861,,24.2,,4721.0,0.72,,233.55
FALSE POSITIVE,5.79687,,27.81,930.0,5192.0,0.79,,233.55
CANDIDATE,0.4775252,,20.1,,,0.522,,
CANDIDATE,22.197992,,5.34,,3508.0,0.4,,199.162
CANDIDATE,44.394,,4.07,,,0.318,,199.162
CANDIDATE,3.29163,,1.17,,,0.567,,219.562
CANDIDATE,3.2908998,,1.57,,4671.0,0.72,,219.562
CONFIRMED,0.877214,,1.3,,5820.0,0.93,,232.1
CONFIRMED,0.87724,0.0177,1.565,2038.0,5679.0,0.98,0.958,232.1
CONFIRMED,0.87703,,1.2,1874.0,5711.17,0.990833,1.018,232.1
CONFIRMED,0.877183,,1.40575209,,5705.0,0.932487,,232.1
CANDIDATE,2.8964139,,2.45,,3547.0,0.42,,113.012
CANDIDATE,2.89607106,,,,3565.0,0.524138,0.521398,113.012
CANDIDATE,2.896528,,1.45,,,0.242,,113.012
CANDIDATE,0.44433632,,1.01,,5208.0,0.8,,254.555
CANDIDATE,0.444372,,1.22,,5540.0,0.82,,254.555
CONFIRMED,3.80464,,1.22,,,,1.073,476.882
CANDIDATE,7.28161,,1.78,518.0,3742.0,0.49,,126.182
CANDIDATE,7.28116,,1.79,,3726.0,0.541438,0.537488,126.182
CANDIDATE,7.28076,,2.6,,,0.399,,126.182
CANDIDATE,7.28138,,17.0,,3784.0,0.399,,126.182
CANDIDATE,7.28131,,1.9,,3748.0,0.51,,126.182
CANDIDATE,4.58328,,2.21,,,0.545,,203.223
CANDIDATE,1.65336,,1.51,,,0.545,,203.223
CANDIDATE,5.28081,,10.9,,6227.0,3.01,,649.935
CANDIDATE,5.28130579,,,,6161.41,2.66957,1.17,649.935
CANDIDATE,440.0,,16.3,,4600.0,0.85,,1217.96
CANDIDATE,30.0,,22.8,,3400.0,0.89,,229.954
CANDIDATE,,,24.9,,,0.6009,,229.954
CANDIDATE,7.655533,,2.328,,5114.0,0.751,1.004,495.707
FALSE POSITIVE,27.770388,,25.1,,4598.0,0.71,,252.383
FALSE POSITIVE,27.77045,,32.79,441.0,5086.0,8.15,,252.383
CANDIDATE,0.259669,,0.77,,4340.0,0.69,,
CANDIDATE,0.25967056,,0.742,,3982.0,0.59,,
CANDIDATE,5.54583,,0.441,,,0.34,,
CANDIDATE,18.4502,,2.52,,,0.717,,340.433
CANDIDATE,35.621,0.3501,1.89,420.0,5440.0,0.898,0.954,209.071
CANDIDATE,4.1333,,1.2,,,0.312,,114.675
CANDIDATE,1.9611469,,5.93,,4166.0,0.64,,592.204
CANDIDATE,1.96133691104,,15.86577929,1225.69,4427.0,1.06738,,592.204
CANDIDATE,40.7302,,7.8,,5840.0,0.98,,835.716
CANDIDATE,40.7362,,7.28,529.0,5618.0,0.85,,835.716
CANDIDATE,18.10220826,,,,6141.1,2.04778,1.164,235.679
CANDIDATE,0.60408352,,2.26,,4331.0,0.67,,370.696
CANDIDATE,3.52743,,1.11,,3624.0,0.257,,124.872
CANDIDATE,3.52725,,1.21,,,0.257,,124.872
CANDIDATE,3.52674,,1.32,,3413.0,0.350987,0.335348,124.872
CANDIDATE,3.5269024,,2.98,,4332.0,0.67,,124.872
CANDIDATE,6340.0,,12.8,,4800.0,0.88,,2864.21
CANDIDATE,9.321691,,17.325,,5089.0,0.678,0.787,
CANDIDATE,6.662,,1.59,,,0.483,,242.573
CONFIRMED,2.71578,,1.03,,,,0.67,334.967
CONFIRMED,2.0478,0.0296,0.90819,,4520.0,0.655,0.727,
CANDIDATE,,,35.0,,,1.266,,302.743
FALSE POSITIVE,27.27048734,,,,5990.87,2.564,1.1,499.583
FALSE POSITIVE,27.242808,,93.0,,,2.54,,499.583
FALSE POSITIVE,27.24273,,31.73,707.0,6166.0,0.92,,499.583
FALSE POSITIVE,27.242912,,18.8,,5547.0,0.9,,499.583
CANDIDATE,1.395336,,0.76,,,0.28,,87.9605
CANDIDATE,1.39533316,,,,3433.0,0.424658,0.419014,87.9605
CANDIDATE,1.3951513,,0.879,,3390.0,0.32,,87.9605
CANDIDATE,15.3791,,1.89,,,0.336,,232.354
CANDIDATE,33.5107,,2.14,,5683.0,0.896,,212.292
CANDIDATE,33.51569,,3.83,613.0,5552.0,0.71,,212.292
CANDIDATE,33.5116,,2.89,,,0.875,,212.292
CANDIDATE,33.513607,,2.47313225,,5628.0,0.857642,,212.292
CANDIDATE,33.515399,,2.03,,4222.0,0.65,,212.292
CONFIRMED,3.96151,,1.0,,,,0.611,257.443
CONFIRMED,3.96165,,1.48,,,0.634,,257.443
CANDIDATE,6.97251,,2.01,,,0.6252,,239.506
CONFIRMED,4.1698,0.035,1.04,,5053.0,0.628461,0.802,436.488
CONFIRMED,4.16959,,1.1,,,,0.802,436.488
CONFIRMED,4.16888,,1.41,,,0.628,,436.488
CANDIDATE,12.3389,,2.11,,,0.628,,436.488
CANDIDATE,12.339133,,2.59,,4751.0,0.73,,436.488
CANDIDATE,2.89465,,1.75,,,0.702,,270.109
CANDIDATE,3.83794,,1.51,,,0.809,,155.4257
CANDIDATE,5.24086,,1.46,,,0.809,,155.4257
CANDIDATE,2790.0,,12.2,,5100.0,0.93,,409.502
CANDIDATE,8.91058,,2.8,,,1.028,,489.318
CANDIDATE,28.2692,,3.35,,5631.0,1.29,,399.976
CANDIDATE,28.270642,,2.79,,5545.0,0.9,,399.976
CANDIDATE,28.2671,,2.94,,,1.028,,399.976
CANDIDATE,28.271761,,2.7100633,,5548.0,0.933556,,399.976
CANDIDATE,28.2717,,,,5564.0,1.02594,0.98,399.976
CANDIDATE,4.73172,,1.7,,,1.028,,399.976
CANDIDATE,0.782022,,1.58,,,0.94,,442.991
CANDIDATE,0.78214992,,1.29,,5144.0,0.79,,442.991
CANDIDATE,15.4769,,2.89,,,0.66,,357.007
CANDIDATE,6.4498648,,2.63,,5395.0,0.85,,365.788
CANDIDATE,6.45027,,2.29,,,0.894,,365.788
FALSE POSITIVE,1.19478,,1.65,,3671.0,0.235,,303.404
FALSE POSITIVE,,,,,4786.0,0.7,,2140.25
FALSE POSITIVE,1.5771832,,33.4,,8210.0,1.94,,273.796
FALSE POSITIVE,1.57753,,26.0,,7747.0,1.93,,273.796
CANDIDATE,3.262038,,,,10318.0,5.27397,,2085.72
CANDIDATE,4.4654,,45.0,,,2.3,,917.554
CANDIDATE,21.140574,,31.5,,6205.0,1.29,,1800.02
CANDIDATE,5.74372,,,,,,,6091.77
CANDIDATE,3.2923818,,19.6,,7824.0,1.87,,4958.48
CANDIDATE,6.90487,,53.0,,6599.0,1.45,,2183.17
CANDIDATE,6.905053,,,,,,,2183.17
CANDIDATE,6.9055211,,33.6,,6722.0,1.89,,2183.17
CANDIDATE,1.696374,,35.3,,,1.793,,2257.74
CANDIDATE,3.046136,,76.0,,,1.698,,264.567
CANDIDATE,3.0459383,,19.0,,5529.0,0.89,,264.567
CANDIDATE,3.04622,,29.0,,5529.0,0.89,,264.567
CANDIDATE,3.23792,,,,4500.0,0.639668,0.707,127.188
CANDIDATE,3.238542,,1.67,,4446.0,0.69,,127.188
CANDIDATE,3.2367,,1.58,,4863.0,0.74,,127.188
CANDIDATE,6.2719092,,60.0,,7254.0,1.81,,2668.14
FALSE POSITIVE,23.7782,,98.0,,7498.0,2.09,,401.292
CANDIDATE,1.42636,,6.66,,,4.28,,1062.67
CANDIDATE,3.979287,,37.5,,7430.0,1.84,,713.075
CANDIDATE,2.1417519,,86.2,,6492.0,1.59,,471.459
CANDIDATE,2.86136,,,,3697.0,0.50129,0.499329,161.444
CANDIDATE,3.10622,,,,3636.0,0.501135,0.499177,182.319
CANDIDATE,1.814553,,,,4618.0,10.0566,,3901.1
CANDIDATE,17.1541,,,,4930.0,16.1325,,6475.27
CANDIDATE,12.1507,,1.48,,,0.83,,138.859
CANDIDATE,2.4343734,,61.4,,5568.0,0.9,,701.156
CANDIDATE,1.git add -A
git commit -m "feat(evaluation): unify KOI/TOI/K2 evaluation and refresh cleaned data/models" `
  -m "Add reports/eval_metrics_temp.py to compute accuracy/precision/recall/AUC + confusion matrices and TOI gating sweep" `
  -m "Include K2 evaluation in the same script (imputation + director usage stats)" `
  -m "Make K2 package imports resilient by making visualization dependencies optional (k2_system/__init__.py)" `
  -m "Update TOI director gating defaults (toi_system/utils/config.py)" `
  -m "Update data processing utilities (koi_system/utils/data_utils.py, k2_system/utils/data_utils.py) and K2 feature config (k2_system/config/k2_config.py)" `
  -m "Refresh trained artifacts for KOI/TOI/K2 (saved models, scalers, metadata/history)" `
  -m "Add cleaned datasets (data/clean/k2_full.csv, data/clean/toi_full_clean.csv)" `
  -m "Add verification script/report (verify_all_systems.py, INFORME_VERIFICACION.md) and update deep-dive report (reports/analisis_profundidad.md)" `
  -m "Add generated logs under logs/"8490876,,17.3,,5693.0,0.96,,502.407
CANDIDATE,2.620724,,11.7,,6013.0,1.14,,419.286
CANDIDATE,2.620799,,37.0,,,1.725,,419.286
CANDIDATE,2.62077,,58.0,,6302.0,1.4,,419.286
CANDIDATE,1.314437,,3.09990986,,6009.0,1.472064,,391.428
CANDIDATE,1.3144014,,2.78,,6137.0,1.23,,391.428
CANDIDATE,4.8045244,,3.62,,6187.0,1.28,,704.55
CANDIDATE,6.14818,,,,6591.31,2.29043,,367.29
CANDIDATE,1.49761,,,,,,,287.802
CANDIDATE,6.479656,,3.33165021,,5586.0,0.921539,,433.512
CANDIDATE,6.48167,,3.46,,,0.922,,433.512
CANDIDATE,6.4804111,,3.39,,5537.0,0.89,,433.512
CANDIDATE,2.8445331,,65.3,,6045.0,1.16,,304.179
CANDIDATE,0.6687,,2.22,,,1.942,,236.832
CANDIDATE,13.3461,,42.0,,,2.575,,724.25
CANDIDATE,4.13737,,24.5,,,1.03,,680.973
CANDIDATE,4.1376047,,7.33,,4581.0,0.7,,680.973
CANDIDATE,2.469851,,6.6,,,1.479,,252.6583
CANDIDATE,0.690458,,,,6912.12,1.50882,,459.014
CANDIDATE,0.689647,,6.58,,6481.0,1.08,,459.014
CANDIDATE,4.1687922,,16.1,,6005.0,1.14,,337.891
CANDIDATE,21.17051,,81.0,,,2.536,,764.195
CANDIDATE,5.31937553733,,19.66846395,1698.93,6350.0,2.36934,,835.907
CANDIDATE,5.319075,,20.0,,,2.28,,835.907
FALSE POSITIVE,12.86772,,71.0,,6861.0,1.79,,760.324
FALSE POSITIVE,12.866412,,61.0,,,1.642,,760.324
FALSE POSITIVE,12.866539,,22.3,,6066.0,1.18,,760.324
FALSE POSITIVE,1.8461222,,19.5,,7536.0,1.82,,1120.21
FALSE POSITIVE,1.84617,,2.14,,3252.0,0.21,,1120.21
CANDIDATE,6.6223,,,,5000.0,5.54598,,3649.9
CANDIDATE,0.5217136,,452.0,,,11.27,,1383.32
CANDIDATE,11.975818,,8.43,,3320.0,0.28,,1565.84
CANDIDATE,11.97495,,256.0,,5200.0,3.4,,1565.84
CANDIDATE,5.9895,,2.04,,,1.03,,144.192
CANDIDATE,28.707623,,21.2,,5838.0,1.03,,603.858
CANDIDATE,15.4715,,9.2,,5791.0,1.89,,427.205
CANDIDATE,15.465691,,4.13,,4989.0,0.76,,427.205
CANDIDATE,15.466674,,16.12109089,,5807.0,1.231429,,427.205
CANDIDATE,1.4556637,,,,6520.0,1.84406,1.341,462.95
CANDIDATE,1.45556515,,71.0,,,2.043,,462.95
CANDIDATE,3.3262396,,1.16,,3404.0,0.33,,4791.68
CANDIDATE,3.32592848,,,,4017.0,60.6949,,4791.68
CANDIDATE,3.3255,,1080.0,,,85.0,,4791.68
CANDIDATE,13.1426,,200.0,,,13.9,,3363.81
CANDIDATE,4.474513,,8.16881084,,6081.0,2.221057,,696.124
CANDIDATE,4.4743465,,3.06,,5248.0,0.81,,696.124
CANDIDATE,4.47471,,22.0,,,2.486,,696.124
CANDIDATE,2.1989041,,46.6,,4938.0,0.75,,
CANDIDATE,4.1657292,,1.86,,3442.0,0.36,,9319.51
FALSE POSITIVE,0.6308,,,,,,,
CANDIDATE,0.2358684,,6.1,,,1.792,,349.365
CANDIDATE,12.99109,,43.0,,,4.5,,
CANDIDATE,1.7359447,,1.89,,5354.0,0.84,,880.659
CANDIDATE,1.8389349,,0.837,,3930.0,0.58,,35.4342
CANDIDATE,1.83916,,0.62,,,0.48,,35.4342
CANDIDATE,2.032664,,1.92,,,0.535,,111.941
CANDIDATE,6.11706,,1.76,,,0.535,,111.941
CANDIDATE,1.859017,,64.0,,6842.0,2.03,,601.432
CANDIDATE,1.85872487,,,,6015.0,2.01889,1.11,601.432
CANDIDATE,1.8590179,,30.5,,6244.0,1.33,,601.432
CANDIDATE,540.0,,5.7,,5200.0,0.94,,511.443
CANDIDATE,,,12.81,,,1.947,,511.443
FALSE POSITIVE,1.4408,,,,4154.0,1.58859,,157.614
FALSE POSITIVE,0.841202,,82.0,,6237.0,2.31,,523.657
CANDIDATE,0.8411257,,0.884,,4289.0,0.66,,676.494
CANDIDATE,0.17566,,3.11,,6620.0,1.15,,555.171
CANDIDATE,29.33873041,,,,3171.0,0.528528,0.525532,148.374
FALSE POSITIVE,22.7984,,9.0,,6195.0,1.37,,
CANDIDATE,1.68027,,2.9,,,1.275,,247.386
CANDIDATE,2.54427583,,,,8188.0,3.23826,2.003,354.001
CANDIDATE,0.7099504,,80.0,,,2.065,,685.821
FALSE POSITIVE,1.8204,,,,3112.0,0.5139,0.511624,161.737
FALSE POSITIVE,2.809,,,,2901.0,0.474383,0.472176,166.168
FALSE POSITIVE,1.404411,,99.0,,6933.0,2.02,,166.168
FALSE POSITIVE,1.4044283,,3.66,,2721.0,0.12,,166.168
CANDIDATE,3.400858,,14.1,,,0.983,,279.968
CANDIDATE,3.4007758,,5.57,,5520.0,0.89,,279.968
CANDIDATE,,,7.51,,,1.249,,170.562
CANDIDATE,,,,,3095.0,,,867.306
FALSE POSITIVE,8.2781,,,,6520.0,,,
FALSE POSITIVE,8.2758,,10.2,,5926.0,1.6,,
FALSE POSITIVE,8.2766395,,0.724,,2586.0,0.11,,
FALSE POSITIVE,0.6199,,,,2978.0,0.596423,0.585161,147.465
CANDIDATE,28.46762,,37.0,,,1.97,,450.603
CANDIDATE,28.465633,,18.4,,5700.0,0.96,,450.603
FALSE POSITIVE,4.5417,,,,2897.0,0.641751,0.620907,
CANDIDATE,83830.0,,12.0,,4000.0,0.74,,446.905
CANDIDATE,8.79689,,4.85,,,2.047,,377.553
CANDIDATE,1.153886,,99.0,,6841.0,1.8,,588.018
CANDIDATE,1.6398934,,33.0,,5175.0,0.79,,441.991
FALSE POSITIVE,1.486243,,58.0,,5991.0,1.87,,809.464
CANDIDATE,23.210585,,5.7,,5244.0,0.81,,239.55
CANDIDATE,23.21037,,15.3,,,1.207,,239.55
CANDIDATE,1.330023,,44.0,,,2.4,,336.974
CANDIDATE,50.73641,,10.31,,,1.349,,334.817
FALSE POSITIVE,1.124,,,,3074.0,0.50547,0.503436,138.15
FALSE POSITIVE,0.7474,,,,,,,133.312
CANDIDATE,46.1373,,2.6,,,0.723,,290.683
CANDIDATE,1.957,,,,3913.0,45.3731,,1236.49
CANDIDATE,22.6398,,1.27,,,0.862,,94.2591
CANDIDATE,24.193613,,30.7,,5457.0,0.87,,665.223
CANDIDATE,2.784496,,2.09,,,0.256,,102.889
CANDIDATE,0.64292573,,,,2914.0,0.362033,0.348098,134.261
FALSE POSITIVE,1.4562,,,,,,,
FALSE POSITIVE,2.8742,,,,3648.0,1.41662,,144.025
CANDIDATE,10.2236,,132.0,,6960.0,2.04,,143.715
FALSE POSITIVE,1.6281,,,,5691.0,2.74444,1.013,144.951
CANDIDATE,2.7518,,0.669,,,0.647,,60.5309
CANDIDATE,,,133.0,,,8.12,,509.051
CANDIDATE,23.277669,,32.8,,4379.0,0.68,,423.406
CANDIDATE,24.6842,,2.49,,,1.17,,273.868
CANDIDATE,2.2,,8.4,,4800.0,0.87,,305.337
CANDIDATE,2.6454165,,9.47,,5179.0,0.79,,528.025
CANDIDATE,2.64594828,,,,6634.0,1.98054,1.39,528.025
CANDIDATE,20.98296043,,,,4822.0,0.739921,0.781,366.941
CANDIDATE,1.5271792,,,,5359.0,0.899453,0.93,559.822
CANDIDATE,7.8392,,1.46,,,1.115,,187.222
FALSE POSITIVE,9.2048,,,,11886.0,3.61562,3.165,155.751
CANDIDATE,2.32046168,,,,,,,170.111
CANDIDATE,2.320937,,15.7,,,1.157,,170.111
CANDIDATE,1.94297,,2.571,,3197.0,0.436,0.486,143.701
FALSE POSITIVE,1.3178719,,62.0,,,1.975,,552.872
FALSE POSITIVE,1.3179,,55.0,,5876.0,1.07,,552.872
CANDIDATE,0.2338108,,,,,,,
FALSE POSITIVE,1.1488,,,,3429.0,0.984957,0.418,144.086
CANDIDATE,46.38363,,3.22,,,0.762,,116.189
CANDIDATE,46.40651,,3.35,,4812.0,0.73,,116.189
CANDIDATE,16.56127,,0.957,,,0.258,,81.38137
CANDIDATE,16.563155,,1.66,,3669.0,0.48,,81.38137
CANDIDATE,18.357773,,1.74,,4937.0,0.75,,337.993
CANDIDATE,18.3647,,2.61,,,1.22,,337.993
CANDIDATE,21.9184,,3.18,,,0.72,,293.873
CANDIDATE,49.8558,,3.29,,,1.359,,166.757
CANDIDATE,4.9818921,,2.66,,5849.0,1.04,,211.632
CANDIDATE,4.98049071,,,,5234.0,1.13733,0.893,211.632
CANDIDATE,4.981838,,2.39347065,,5774.0,0.978267,,211.632
CANDIDATE,4.98205,,2.3,,5594.0,1.01,,211.632
CANDIDATE,4.9815,,2.39,,,0.92,,211.632
CANDIDATE,3.3055191,,1.27,,3430.0,0.35,,91.0366
CANDIDATE,3.30524,,6.6,,,1.79,,91.0366
FALSE POSITIVE,1.8361,,,,,,,
CANDIDATE,14.5444413,,,,,,,
CANDIDATE,4.30221683,,,,7168.62,4.08069,1.6,684.616
FALSE POSITIVE,8.02678456,,,,4708.46,5.5996,,933.196
FALSE POSITIVE,8.0241306,,4.42,,3939.0,0.58,,933.196
FALSE POSITIVE,8.02415,,194.0,,4734.0,6.1,,933.196
FALSE POSITIVE,8.02335,,86.0,,,5.13,,933.196
CANDIDATE,11.31028,,18.9,,,1.44,,843.771
CANDIDATE,11.31009,,130.0,,4793.0,10.0,,843.771
CANDIDATE,16.63311,,44.0,,5700.0,2.19,,233.887
CANDIDATE,16.63237,,10.7,,3648.0,0.47,,233.887
CANDIDATE,16.63091654,,,,5121.0,1.27372,0.862,233.887
CANDIDATE,1.057171,,1.51,,,1.004,,265.263
FALSE POSITIVE,4.377326,,27.0,,5928.0,1.43,,476.35
FALSE POSITIVE,4.37983009,,,,5982.0,1.60152,1.1,476.35
FALSE POSITIVE,4.377339,,31.9,,,1.691,,476.35
FALSE POSITIVE,4.3772986,,16.6,,5102.0,0.78,,476.35
CANDIDATE,0.980414,,1.58,,4202.0,0.66,,157.823
CANDIDATE,0.98036126,,1.44,,3932.0,0.58,,157.823
CANDIDATE,0.97988263,,,,4063.0,0.701061,0.664242,157.823
CANDIDATE,0.980294,,1.81,,,0.685,,157.823
CANDIDATE,14.2005,,2.36,,,0.786,,219.312
CANDIDATE,28.8077,,2.08,,,0.215,,97.068
CANDIDATE,3.75927,,68.0,,,10.7,,272.331
CANDIDATE,2.41628,,2.68,,,1.01,,271.855
CANDIDATE,2.4165066,,0.988,,3483.0,0.38,,271.855
CANDIDATE,4.4984354,,3.12,,4309.0,0.66,,533.784
CANDIDATE,0.3938505,,13.7,,,2.16,,1418.18
CANDIDATE,2.3240489,,33.4,,5107.0,0.78,,223.184
CANDIDATE,1.86732,,0.648,,,0.693,,103.821
CANDIDATE,22.9735,,2.61,,,1.067,,289.569
FALSE POSITIVE,5.6683,,,,3521.0,0.956267,0.471,128.81
CANDIDATE,14.658196,,1.6,,3610.0,0.45,,45.7725
CANDIDATE,14.65835,,1.12,,,0.339,,45.7725
CANDIDATE,6.4349,,2.47,,,1.493,,381.071
CANDIDATE,4.27065,,7.6,,,1.5,,49.5536
CANDIDATE,7.64309,,8.0,,,1.5,,49.5536
CANDIDATE,16.858,,5.6,,5957.0,1.07,,314.232
CANDIDATE,2.167697,,12.14,,,2.489,,715.205
CANDIDATE,19.2299,,1.96,,,0.612,,143.287
CANDIDATE,5.07152,,3.2,,,0.426,,129.055
CANDIDATE,8.1191,,57.0,,6040.0,1.2,,547.751
CANDIDATE,16.235,,11.0,,6040.0,1.2,,547.751
FALSE POSITIVE,24.9922,,36.0,,6040.0,1.2,,547.751
CANDIDATE,4.20773,,1.47,,,0.834,,326.358
CANDIDATE,1.1761477,,19.3,,,2.38,,515.081
CANDIDATE,27.270191,,2.5,,6171.0,1.612,1.275,377.061
CANDIDATE,2.475527,,42.0,,5962.0,1.06,,239.559
CANDIDATE,2.475641,,5.02277659,,5257.0,0.824753,,239.559
CANDIDATE,2.4756313,,2.48,,5239.0,0.81,,239.559
CANDIDATE,2.475573,,2.98,,,0.888,,239.559
CANDIDATE,17.7256773,,15.4613,697.0,6010.0,1.63,,338.491
CANDIDATE,17.7259,,23.4,,,1.752,,338.491
CANDIDATE,17.725837,,6.63,,5971.0,1.11,,338.491
CANDIDATE,17.72507,,45.0,,6189.0,1.33,,338.491
CANDIDATE,54.169832,,22.0,,3836.0,0.55,,589.471
CONFIRMED,8.050722,,1.31,960.6,5502.7,0.83,0.877,243.935
CONFIRMED,8.0516,,1.62,,,0.904,,243.935
CONFIRMED,8.0468,,1.18,,,,0.907,243.935
CANDIDATE,6.79143,,1.72,,,0.609,,271.148
CANDIDATE,14.353438,,2.159584,,5317.0,0.82797,,222.996
CANDIDATE,14.353347,,2.19,,5162.0,0.79,,222.996
CANDIDATE,14.3533,,2.18,,,0.855,,222.996
CANDIDATE,1.88282,,2.6,,,0.257,,
CANDIDATE,6.4756,,1.85,,,1.339,,559.223
CANDIDATE,2.31803,,2.34,,,0.589,,265.008
CANDIDATE,2.3181466,,2.9,,4343.0,0.67,,265.008
FALSE POSITIVE,12.4292,0.0974,1.1126,,5414.0,0.814,0.945,279.752
CANDIDATE,6.37733,,0.76,,,0.262,,
FALSE POSITIVE,19.44212,,22.0,,3864.0,0.35,,
FALSE POSITIVE,19.441899,,4.15,,2601.0,0.11,,
CANDIDATE,0.80032756,,21.3,,4028.0,0.61,,450.905
CANDIDATE,8.3958,,3.95,,,1.996,,869.212
CANDIDATE,12.25823207,,,,5038.0,0.758844,0.839,243.756
CANDIDATE,12.2631,,1.87,,5106.0,0.717,,243.756
CANDIDATE,12.26422,,2.22,,,0.7596,,243.756
CANDIDATE,12.263354,,2.16,,4980.0,0.76,,243.756
CANDIDATE,10.3631,,1.64,,,0.613,,302.059
CONFIRMED,4.50717,,1.44,,,0.823,,369.888
CONFIRMED,4.50756,,1.7,,,,0.928,369.888
CONFIRMED,0.911724,,1.4,,5724.0,1.1,,369.888
CONFIRMED,0.9116567,,1.35,,5648.0,0.94,,369.888
CONFIRMED,0.911618,,1.16,,,0.823,,369.888
CONFIRMED,14.641541,,2.94,,5648.0,0.94,,369.888
CONFIRMED,14.637,,4.0,,6438.0,1.5,,369.888
CONFIRMED,14.6435,,2.52,,,0.823,,369.888
CONFIRMED,14.647531,,2.6,,5724.0,1.1,,369.888
CANDIDATE,9.38053,,2.89,,,1.412,,543.349
CANDIDATE,9.3826,,2.39,,6377.0,1.38,,543.349
CANDIDATE,9.3813402,,2.86,,6305.0,1.39,,543.349
CANDIDATE,5.6505,,1.33,,,1.012,,271.395
CANDIDATE,4.2304959,,2.56,,4335.0,0.67,,336.884
CANDIDATE,4.23119,,2.17,,,0.516,,336.884
CANDIDATE,9.9487,,1.48,,,1.136,,322.525
CONFIRMED,2.87814,,1.01,,,,0.221,161.365
CANDIDATE,4.1107634,,1.01,,2989.0,0.18,,161.365
CANDIDATE,1.131316,,4.6,,6292.0,1.32,,432.465
CANDIDATE,1.131305,,3.93,,,1.122,,432.465
CONFIRMED,5.29853,,3.32,,,0.668,,451.769
CONFIRMED,5.29711,,1.62,,,,0.565,451.769
CONFIRMED,5.2986,,1.7,,4114.0,0.5,,451.769
CONFIRMED,0.35490972,,1.45,,3893.0,0.57,,451.769
CONFIRMED,0.354884,,1.2,,4114.0,0.5,,451.769
CANDIDATE,4.1029,,2.28,,,1.98,,569.822
CANDIDATE,14.454495,,2.21,,4521.0,0.7,,158.768
CANDIDATE,28.564994,,2.25,,4418.0,0.68,,
CANDIDATE,5.87672094142,,8.02139241,694.8,4111.0,0.807445,,282.602
CANDIDATE,5.8797,,,,4111.0,0.807445,0.643,282.602
CANDIDATE,5.879829,,6.97,,,0.701,,282.602
CANDIDATE,5.87913354,,,,4111.0,0.807445,0.643,282.602
CANDIDATE,5.8796123,,6.5,,4089.0,0.62,,282.602
CANDIDATE,5.87975,,3.76,,4056.0,0.393,,282.602
FALSE POSITIVE,25.2768,,25.0,,4215.0,0.52,,467.298
CANDIDATE,3.292013,,5.76,,,0.674,,322.97
CANDIDATE,3.291897,,3.39,,3850.0,0.395,,322.97
CANDIDATE,3.2920598,,4.54,,3764.0,0.52,,322.97
CANDIDATE,7.445026,,2.2805044,,5277.0,0.825169,,103.625
CANDIDATE,7.4448754,,2.11,,5132.0,0.78,,103.625
CANDIDATE,13.8543,,3.18,,,1.848,,379.338
CANDIDATE,54.976021,,39.1,,6333.0,1.41,,585.961
CANDIDATE,2.59824,,7.7,,,0.788,,730.696
CANDIDATE,2.573088,,34.0,,5165.0,2.5,,48.3153
CANDIDATE,2.5730187,,17.2,,4488.0,0.69,,48.3153
CANDIDATE,37.827,,1.42,,,0.577,,206.608
CANDIDATE,0.35840528,,1.92,,5862.0,1.04,,612.027
CANDIDATE,0.358378,,1.65,,5928.0,0.89,,612.027
CANDIDATE,0.3584061,,2.66,,,1.03,,612.027
CANDIDATE,0.80858305,,,,6151.8,2.31125,,292.828
CANDIDATE,4.00932,,1.08,,,0.68,,215.136
CANDIDATE,20.6714,,1.47,,,0.655,,168.652
CANDIDATE,,,7.72,,,1.763,,308.981
CANDIDATE,,,31.1,,,1.763,,308.981
CANDIDATE,0.367453,,2.55,,6167.0,0.95,,521.311
CANDIDATE,0.36747226,,3.32,,6205.0,1.29,,521.311
CANDIDATE,0.367473,,3.55452348,,6060.0,1.26302,,521.311
CANDIDATE,0.3674645,,3.9,,,1.18,,521.311
CANDIDATE,6.57986525,,,,5874.0,1.68281,1.06,857.095
CANDIDATE,3.59922,,1.63,,,0.809,,186.844
CANDIDATE,3.5990666,,1.62,,5107.0,0.78,,186.844
CANDIDATE,3.59905,,1.58797235,,5459.0,0.826124,,186.844
CANDIDATE,3.59912,,1.46,,5518.0,0.82,,186.844
CANDIDATE,5.01038,,4.28,,,1.53,,591.774
CONFIRMED,2.25372,,0.9,,,,0.407,109.888
CONFIRMED,2.25558,,2.0,,,0.367,,109.888
CONFIRMED,2.255436,,1.0,,3297.0,0.25,,109.888
CANDIDATE,0.62309386,,2.52,,4231.0,0.65,,109.888
CANDIDATE,3.11594,,1.59,,,0.367,,109.888
CANDIDATE,11.63547,,2.6,,,0.892,,387.009
CANDIDATE,1.982116,,35.0,,,2.05,,754.781
CANDIDATE,36.9321,,2.98,,,0.955,,364.335
FALSE POSITIVE,1.35823,,1.44,,5675.0,0.95,,482.442
CANDIDATE,8.4532,,2.66,,,1.0419,,763.771
CANDIDATE,0.4348359,,1.59,,3714.0,0.5,,150.277
CANDIDATE,0.434827,,1.62,,3724.0,0.5,,150.277
CANDIDATE,0.434832,,0.96,,,0.333,,150.277
CANDIDATE,4.31444335,,,,4952.0,2.25969,,656.665
CANDIDATE,1.5339666,,1.47,,3757.0,0.52,,144.943
CANDIDATE,1.53402,,1.13,,3698.0,0.520027,0.517496,144.943
CANDIDATE,0.3176828,,11.9,,,0.944,,829.86
CONFIRMED,1.58252,,0.96,,,,0.711,314.35
CONFIRMED,1.58316,,1.22,,,0.669,,314.35
CONFIRMED,17.501662,,2.63,,4749.0,0.73,,314.35
CONFIRMED,17.5125,,2.15,,,0.669,,314.35
CONFIRMED,17.515472,,2.094,,4752.0,0.758,0.832,314.35
CANDIDATE,10.49927,,1.43,,,0.599,,157.821
CANDIDATE,5.23189,,3.62,,,0.627,,324.32
CANDIDATE,1.13666,,3.18,,,1.724,,796.897
CANDIDATE,12.4404,,2.72,,,0.586,,208.673
CANDIDATE,1.49462,,1.8,,,0.586,,208.673
CANDIDATE,2.018725,,91.0,,,14.96,,1991.32
CANDIDATE,23.8039,,12.0,,4840.0,0.48,,1854.54
CANDIDATE,3.47722,,1.53,,,0.556,,152.541
CANDIDATE,0.442185,,2.02,,,0.754,,294.895
CANDIDATE,0.442094,,1.16,,5007.0,0.77,,294.895
CANDIDATE,0.44214967,,1.32,,4977.0,0.76,,294.895
CANDIDATE,18.415126,,69.44309317,,6211.0,3.465887,,591.17
CANDIDATE,18.406118,,5.2,,6684.0,1.84,,591.17
CANDIDATE,10.4404,0.0828,0.6739,,4893.0,0.746,0.8,100.694
CANDIDATE,27.837146,,5.149,,4241.0,0.64,0.741,541.51
CANDIDATE,12.19649,,2.23,,,1.062,,291.339
CANDIDATE,8.15306759,,,,5445.0,1.71199,0.95,399.398
CANDIDATE,2.2021868,,56.5,,5695.0,0.96,,444.134
CANDIDATE,20.398071,,2.57901435,,5199.0,0.777455,,157.917
CANDIDATE,20.3997,,2.65,,,0.778,,157.917
CANDIDATE,20.398147,,2.93,,5399.0,0.85,,157.917
CANDIDATE,17.812866,,22.5,,5613.0,0.92,,241.84
CANDIDATE,17.80345864,,,,5561.99,1.16413,0.981,241.84
CANDIDATE,17.81188,,21.6,,5554.0,0.93,,241.84
CANDIDATE,2.931226,,90.0,,6097.0,1.12,,2491.38
FALSE POSITIVE,6.3878,,65.0,,6668.0,1.25,,1612.12
CANDIDATE,1.81449,,27.0,,5614.0,0.92,,3435.38
CANDIDATE,22.4844,,79.0,,6173.0,1.15,,1907.7
CANDIDATE,3.47323985883,,16.65896453,1767.12,7406.97,1.56373,,1490.49
CANDIDATE,3.47451,,10.6,,7143.0,1.83,,1490.49
CANDIDATE,0.369181,,16.5,,6020.0,2.22,,3834.44
CANDIDATE,6.71694,,39.0,,5267.0,0.82,,1887.97
CANDIDATE,3.951971,,8.44551389,,4672.0,0.692034,,
CANDIDATE,11.3256,,2.18,,,1.043,,349.77
CANDIDATE,2.9237,,2.57,,,0.573,,386.466
CANDIDATE,14.08549,,21.1,,5970.0,1.32,,511.321
CANDIDATE,15.0818,,1.83,,,0.514,,161.503
CANDIDATE,3.16363,,1.25,,,0.514,,161.503
FALSE POSITIVE,1.31559,,102.0,,6721.0,2.3,,262.672
FALSE POSITIVE,1.3155918,,38.3,,,1.69,,262.672
FALSE POSITIVE,0.969967,,59.0,,5272.0,1.54,,474.61
FALSE POSITIVE,0.96997227,,,,5401.0,,,474.61
FALSE POSITIVE,0.970016,,6.29,,5838.0,0.87,,474.61
CANDIDATE,23.9683,0.1791,1.6119,,5296.0,1.129,1.325,217.647
CANDIDATE,19.860476,,2.08349198,,4760.0,0.696718,,148.954
CANDIDATE,19.8606,,2.21,,,0.648,,148.954
CANDIDATE,4.72048898787,,14.61863458,526.86,3553.0,0.489916,,143.9793
CANDIDATE,4.72046,,8.7,,,0.385,,143.9793
CANDIDATE,1.1430018,,,,5551.0,3.28495,,956.796
CANDIDATE,3.74234,,1.61,,,0.502,,139.317
CANDIDATE,24.2747,,1.56,,,0.424,,125.529
FALSE POSITIVE,1.1489833,,76.0,,5137.0,2.0,,260.903
FALSE POSITIVE,1.14907861,,,,5324.24,1.00567,,260.903
CANDIDATE,7.46967,,2.4,,,0.279,,106.003
CANDIDATE,2.16594452,,,,6194.54,1.30635,1.188,216.411
CANDIDATE,2.165976,,2.61,,,1.1,,216.411
CANDIDATE,2.16595219375,,2.91081826,1676.71,6194.54,1.30635,,216.411
CANDIDATE,14.27669647,,,,5160.0,0.701437,0.873,254.162
CANDIDATE,14.2683,,,,4955.0,0.6,,254.162
CANDIDATE,14.26763,,2.04,,,0.603,,254.162
CANDIDATE,4.86406,,1.09,,3407.0,0.298809,0.27526,59.9697
CANDIDATE,4.86496,,1.09,,,0.261,,59.9697
CANDIDATE,15.97700259,,,,5692.43,1.04527,,198.032
CANDIDATE,3.7342439,,30.71,,,2.642,,798.465
CANDIDATE,3.73478175,,,,6477.43,2.27759,1.32,798.465
CANDIDATE,0.567055,,16.22,,7020.0,1.42,,1629.15
CANDIDATE,0.5670195,,,,,,,1629.15
CANDIDATE,14.145239,,14.86409395,,5016.0,2.15381,,644.682
CANDIDATE,14.14459,,16.6,,5011.0,2.69,,644.682
CANDIDATE,2.386772,,4.0,,,0.286,,245.861
CANDIDATE,2.38669,,3.5,,3676.0,0.29,,245.861
CANDIDATE,43.36143,,29.8,,,1.472,,647.062
CANDIDATE,27.353103,,3.05048319,,6148.0,1.448467,,386.599
CANDIDATE,2.35771,,3.0,,3655.0,0.267,,165.303
CANDIDATE,2.357651,,1.95,,,0.267,,165.303
CANDIDATE,27.9329,,2.51,,,0.573,,275.4387
CANDIDATE,3.72007,,1.55,,,0.986,,360.781
CANDIDATE,1.39657671,,,,5805.0,0.96977,1.04,311.107
CANDIDATE,1.396291,,1.89,,5728.0,1.02,,311.107
CANDIDATE,31.3537,,3.85,,,0.816,,218.685
CANDIDATE,14.8484,,2.68,,,0.816,,218.685
CANDIDATE,10.0696,,1.69,,,0.816,,218.685
CANDIDATE,3.6494,,,,3338.0,0.326267,0.306782,93.1458
CANDIDATE,3.65017,,1.15,,,0.249,,93.1458
CANDIDATE,5.7663,,,,3338.0,0.326267,0.306782,93.1458
CANDIDATE,5.76808,,1.19,,,0.249,,93.1458
CANDIDATE,7.98471,,1.19,,,0.249,,93.1458
CANDIDATE,7.98221,,,,3338.0,0.326267,0.306782,93.1458
CANDIDATE,5.1718,0.051,0.8891,,5941.0,0.954,0.709,279.463
CANDIDATE,5.7408,0.0627,1.0668,,5342.0,0.76,1.067,264.527
CANDIDATE,29.0529,,,,3373.0,0.325107,0.305444,143.697
FALSE POSITIVE,25.2208,,65.0,,6257.0,1.41,,537.214
FALSE POSITIVE,25.219709,,87.0,,,2.29,,537.214
FALSE POSITIVE,25.2077883,,,,6168.93,1.83554,1.18,537.214
FALSE POSITIVE,0.87052967,,,,6121.0,1.47366,1.16,568.754
FALSE POSITIVE,0.8706763,,6.52133,1729.0,6121.0,1.47,,568.754
FALSE POSITIVE,0.870775,,3.97,,5875.0,0.88,,568.754
FALSE POSITIVE,0.870673,,21.0,,5647.0,1.74,,568.754
CANDIDATE,1.43689647,,,,4876.7,10.8463,,753.253
CANDIDATE,1.436756,,110.0,,,10.91,,753.253
CANDIDATE,59.848566,,10.81438298,,5738.0,0.983415,,245.962
CANDIDATE,59.847399221,,11.75567728,211.04,5765.3,1.09215,,245.962
CANDIDATE,59.84871,,12.0,,,1.067,,245.962
CANDIDATE,11.376,,2.03,,,0.636,,220.327
CANDIDATE,11.37698,,,,4397.0,0.64,,220.327
FALSE POSITIVE,29.12555,,205.0,,4936.0,3.9,,402.788
CANDIDATE,0.8925,,2.7,,,2.0,,
CANDIDATE,14.7582,,,,4434.0,0.7,,214.8
CANDIDATE,14.7619,,2.11,,,0.735,,214.8
FALSE POSITIVE,0.5111,,,,3092.0,0.214796,0.183836,33.1857
CANDIDATE,0.7041655,,,,4564.0,9.3189,,1740.92
CANDIDATE,1.93426,,1.64,,,0.928,,327.984
CANDIDATE,3.43827,,1.98,,,0.928,,327.984
CANDIDATE,18.03895153,,,,5089.61,0.88619,0.853,252.985
CANDIDATE,2.41040731,,,,6276.0,1.92538,1.23,565.537
CANDIDATE,2.410271,,17.3,,6390.0,1.51,,565.537
CANDIDATE,1.6865884,,,,6199.0,2.93748,1.19,257.528
CANDIDATE,8.4044,,1.24,,,0.307,,93.1123
CANDIDATE,1.1829266,,29.0,,,1.51,,283.555
CANDIDATE,20.5949,0.1477,1.5097,,5969.0,1.059,0.994,227.124
CANDIDATE,20.600656,,2.166,,5969.0,1.059,0.994,227.124
FALSE POSITIVE,0.950356,,6.94,,6125.0,0.94,,1178.14
CANDIDATE,56.6205,,7.68,,,0.904,,488.495
CANDIDATE,1.702301,,19.1,,6116.0,1.28,,447.3
CANDIDATE,0.3499146,,39.4,,,2.43,,651.915
CANDIDATE,0.349935,,2.18,,4925.0,0.76,,651.915
CANDIDATE,4.27681,,2.27,,,0.938,,214.753
CANDIDATE,13.16121,,2.62,,,0.938,,214.753
CANDIDATE,21.0858,,2.95,,,0.938,,214.753
CANDIDATE,30.2894,,2.33,,,0.938,,214.753
CANDIDATE,1.82876,,1.46,,,0.938,,214.753
CANDIDATE,7.1149,0.0589,0.9835,,5534.0,0.953,0.845,267.405
CANDIDATE,3.347872,,28.1,,,2.2,,674.495
CANDIDATE,1.31982263,,,,6196.8,2.91272,1.19,607.099
CANDIDATE,3.32257,,2.53,,,1.108,,271.74
CANDIDATE,,,44.0,,,1.6,,1065.45
FALSE POSITIVE,2.4616,,,,9962.0,2.32365,2.55,139.024
CANDIDATE,,,8.7,,,0.96,,251.117
CANDIDATE,28.29213,,3.55,,,0.96,,251.117
FALSE POSITIVE,7.0502,,,,4947.69,0.705709,0.815,133.002
CANDIDATE,14.643071,,66.04981083,,4883.0,13.183733,,2830.27
CANDIDATE,18.8652,,1.57,,,0.642,,163.019
CANDIDATE,7.434876,,32.0,,,1.74,,
CANDIDATE,2.349455,,15.8,,7056.0,1.81,,550.363
CANDIDATE,2.34951024,,,,7418.48,1.50652,1.7,550.363
CANDIDATE,2.349515,,53.42672849,,6254.0,5.410002,,550.363
CANDIDATE,2.3494903,,14.6551,1690.0,7418.5,1.51,,550.363
CANDIDATE,2.349545,,15.3,,,1.695,,550.363
CANDIDATE,0.2990737,,7.6,,,0.231,,99.958
CANDIDATE,16.43831081,,,,5997.0,1.92033,1.11,664.058
CANDIDATE,5.88165,,2.58,,,1.37,,460.386
CANDIDATE,11.55059,,1.98,,3677.0,0.469901,0.467536,90.1613
CANDIDATE,0.19785,,0.72,,3677.0,0.469901,0.467536,90.1613
CANDIDATE,6.423,,,,5053.72,5.86835,,3433.04
CANDIDATE,3.1393667,,15.9004,1597.0,5653.4,1.52,,910.734
CANDIDATE,3.1393226,0.0434,15.43,1780.0,6283.0,1.5,1.24,910.734
CANDIDATE,3.139404,,16.419,,5716.0,1.53,0.952,910.734
CANDIDATE,1.385246,,5.01,,,1.407,,571.447
CANDIDATE,1.38521606684,,6.52719853,2071.92,6294.0,1.451,,571.447
CANDIDATE,13.8240078,,2.38171,681.0,5129.0,0.71,,207.618
CANDIDATE,13.8253157,,,,5163.0,0.75,0.78,207.618
CANDIDATE,22.194346,,3.174,,5660.0,1.069,0.806,640.961
CANDIDATE,1.72397,,1.33,,,0.885,,345.761
CANDIDATE,17.178,,,,5814.52,1.33351,1.046,147.997
CANDIDATE,5.409,,,,3949.0,45.4751,,1239.5
CANDIDATE,4.99,,,,6242.0,1.63356,1.21,528.469
CANDIDATE,4.9898664,,9.128,1001.0,6242.0,1.63,,528.469
CANDIDATE,0.22181,,1.13,,3942.0,0.585409,0.576018,200.754
CANDIDATE,44.13,,,,4865.94,10.7024,,2843.74
CANDIDATE,14.448767,,44.2,,,1.36,,598.189
CANDIDATE,14.449,,,,6016.0,1.68931,1.11,598.189
CANDIDATE,14.4518248,,,,6016.0,1.68931,1.11,598.189
CANDIDATE,14.448987,,86.0,,,1.739,,598.189
CANDIDATE,0.463954,,0.53,,,0.272,,68.8807
CANDIDATE,0.46395,,0.85,,3563.0,0.42,,68.8807
CANDIDATE,0.46395,,0.84,,3720.0,0.491813,0.489906,68.8807
CANDIDATE,5.264,,,,6190.82,1.5774,1.19,516.833
CANDIDATE,1.529084,,48.0,,,1.654,,1158.05
CANDIDATE,2.084,,,,,,,
CANDIDATE,4.166738,,94.8,,,2.0,,
CANDIDATE,1.56699,,1.34,,,0.603,,228.662
CANDIDATE,1.567,,,,4426.2,0.615898,0.693,228.662
CANDIDATE,1.56706496,,,,4426.2,0.615898,0.693,228.662
CANDIDATE,7.757595,,1.95,,,0.713,,2172.67
CANDIDATE,4.871902,,15.383,,6466.0,1.817,1.564,1425.02
CANDIDATE,4.8718955,0.074,14.64,1663.0,6972.0,1.82,1.53,1425.02
CANDIDATE,4.8740385,,14.3194,1490.0,6504.4,1.8,,1425.02
CANDIDATE,8.514184,,38.298,,4885.0,8.384,1.254,1396.27
FALSE POSITIVE,0.967865,,,,5255.0,0.97198,0.9,1263.42
CANDIDATE,16.168833,,,,5186.0,5.653,,2010.24
FALSE POSITIVE,25.23658,,,,3777.0,0.701898,0.664837,223.67
CANDIDATE,36.0861607,,,,4726.0,0.67,0.68,307.603
CANDIDATE,36.109,,8.0,,,0.504,,307.603
FALSE POSITIVE,10.337864,,,,6281.0,1.96735,,468.472
CANDIDATE,9.967689,,2.005,,5882.0,1.031,1.103,233.606
FALSE POSITIVE,13.919301,,,,5330.07,1.2633,0.92,296.218
FALSE POSITIVE,0.954863,,,,5544.91,0.926751,0.98,344.667
CANDIDATE,3.25182,,33.2,,,0.63,,956.304
CANDIDATE,5.032134,,25.83,,,2.516,,485.949
CANDIDATE,5.03207,,36.70955114,,5070.0,3.685008,,485.949
CANDIDATE,6.45795,,2.78,,,0.9389,,586.562
FALSE POSITIVE,0.554633,,,,4729.0,0.951566,0.76,880.732
CANDIDATE,5.176243,,19.44301811,,6185.0,1.118972,,121.882
CANDIDATE,5.176,,,,6146.0,1.35641,1.166,121.882
FALSE POSITIVE,2.153178,,,,5523.0,0.997379,0.97,1039.39
CANDIDATE,1.610888,,0.82,,,0.299,,80.63539
CANDIDATE,1.611,,,,3511.0,0.409602,0.402278,80.63539
CANDIDATE,1.610911,,1.5,,,0.56,,80.63539
CANDIDATE,1.61092,,0.75,,3511.0,0.409602,0.402278,80.63539
CANDIDATE,2.17807,,0.65,,3511.0,0.409602,0.402278,80.63539
CANDIDATE,2.178008,,0.67,,,0.299,,80.63539
CANDIDATE,2.177846,,1.2,,,0.56,,80.63539
CANDIDATE,4.96792,,0.75,,,0.299,,80.63539
CANDIDATE,4.96883,,0.67,,3511.0,0.409602,0.402278,80.63539
CANDIDATE,6.26561,,0.77,,,0.299,,80.63539
CANDIDATE,3.28963,,0.51,,,0.299,,80.63539
FALSE POSITIVE,0.565934,,,,5309.0,1.55349,0.91,1311.54
FALSE POSITIVE,15.091257,,,,5369.0,1.55474,0.93,1356.66
FALSE POSITIVE,3.102398,,,,5483.32,1.85351,0.96,1639.65
CANDIDATE,0.93346092,,,,6035.64,2.62165,1.12,323.037
FALSE POSITIVE,5.817737,,,,6290.85,3.03613,1.232,177.059
FALSE POSITIVE,5.817854,,,,,,,174.516
CANDIDATE,5.81861,,3.4,,,0.38,,684.542
FALSE POSITIVE,1.671965,,,,3243.0,0.483697,0.481713,119.437
CANDIDATE,4.332837,,2.263,,4768.0,0.725,0.942,331.583
CANDIDATE,1.1524,0.0125,0.6746,,5992.0,1.057,0.992,374.534
CANDIDATE,20.486455,,2.762,,3664.0,0.371,0.357,100.735
CANDIDATE,18.634179,,1.49,,,0.821,,297.8
CANDIDATE,18.645046,,1.8,,,0.84,,297.8
CANDIDATE,18.6393,,1.73,,,0.821,,297.8
CANDIDATE,18.641,,,,4774.48,,,297.8
CANDIDATE,5.19287,,1.29,,,0.826,,350.67
CANDIDATE,3.39934,,1.08,,,0.826,,350.67
FALSE POSITIVE,6.663685,,,,5691.67,1.05709,1.01,965.222
CANDIDATE,12.17682,,2.244,,4477.0,0.637,0.812,235.135
FALSE POSITIVE,11.114394,,,,5904.69,2.44643,1.07,870.321
FALSE POSITIVE,0.524461,,,,3112.0,0.200172,0.169168,52.773
FALSE POSITIVE,9.056947,,,,4942.0,1.05773,0.81,656.243
FALSE POSITIVE,0.737735,,,,4908.37,1.53058,0.8,892.766
CANDIDATE,7.07737,,2.1,,,0.662,,443.535
FALSE POSITIVE,0.799768,,,,8175.71,1.67093,2.0,1242.66
FALSE POSITIVE,1.641114,,,,8231.0,1.10451,2.02,2809.89
CANDIDATE,6.3508198,,,,7461.0,2.11,1.74,313.867
FALSE POSITIVE,0.555516,,,,,,,
CANDIDATE,0.635328,,,,6420.0,1.531,,543.662
CANDIDATE,16.24196986,,,,4499.02,10.4554,,4471.44
FALSE POSITIVE,1.031746,,,,7598.94,1.85084,1.77,1050.38
FALSE POSITIVE,0.58337,,,,5802.79,0.742872,1.04,336.045
CANDIDATE,2.047195,,,,6150.0,0.958,,209.24
CANDIDATE,24.4472,,1.82,,,0.647,,172.926
CANDIDATE,10.542179,,3.123,,5441.0,0.916,0.81,394.341
FALSE POSITIVE,3.247194,,,,5581.0,1.17125,0.99,1871.14
CANDIDATE,5.31471,,1.45,,,0.355,,100.614
CANDIDATE,3.84981,,1.86,,,1.42,,580.847
FALSE POSITIVE,0.715676,,,,4476.31,7.82356,,911.716
FALSE POSITIVE,0.546969,,,,5162.92,0.996147,0.87,510.106
FALSE POSITIVE,0.682618,,,,6120.16,2.77001,1.16,1262.45
CANDIDATE,2.126953,,1.7,,4020.0,0.573,,108.027
FALSE POSITIVE,0.512702,,,,4513.0,1.00839,0.71,861.467
CANDIDATE,20.2244,,2.94,,,0.8325,,488.572
FALSE POSITIVE,0.539696,,,,,,,
CANDIDATE,42.3822512,0.2688,2.58,482.0,5568.0,0.86,0.9,355.54
CANDIDATE,41.9,0.228,2.28,82.0,5568.0,0.86,0.9,355.54
FALSE POSITIVE,0.597258,,,,5374.42,1.47741,0.93,751.35
FALSE POSITIVE,0.620388,,,,7577.62,1.48463,1.76,1327.76
CANDIDATE,9.81881482,,,,3463.0,0.411081,0.403933,131.4014
CANDIDATE,1.518232,,,,5510.0,1.209,,1256.05
CANDIDATE,1.63013,,,,6190.0,1.602,,545.351
CANDIDATE,2.007472,,,,3790.0,0.473,,272.64
CANDIDATE,2.00745282887,,7.16393472,680.34,3449.0,0.490442,,272.64
CANDIDATE,37.4059,,2.32,,,0.581,,264.912
CANDIDATE,3.544965,,1.9,,4860.0,0.701,,215.371
FALSE POSITIVE,17.325857,,,,6047.27,3.05384,1.12,1221.61
CANDIDATE,34.023,,,,4534.56,11.253,,1700.47
FALSE POSITIVE,6.2043,0.0661,1.8527,,,,,577.993
CANDIDATE,10.39528014,,,,5714.27,0.8881,1.019,214.164
CANDIDATE,11.00357542,,,,5506.87,1.0551,0.97,763.08
CANDIDATE,11.007537,,41.5,,,0.94,,763.08
CANDIDATE,9.0102,,3.6,,,0.738,,362.707
CANDIDATE,9.01258853,,,,4764.64,0.81741,0.767,362.707
CANDIDATE,35.383,,,,4663.0,0.667213,0.74,323.193
CANDIDATE,35.3972,,2.6,,,0.531,,323.193
FALSE POSITIVE,1.359386,,,,5723.55,1.28259,1.02,359.283
CANDIDATE,26.0,0.187,10.48,222.0,6414.0,1.57,1.29,866.259
FALSE POSITIVE,0.630717,,,,6591.15,1.57514,1.37,1495.88
FALSE POSITIVE,0.630718,,,,,,,
FALSE POSITIVE,12.427163,,,,6435.2,2.39747,1.3,1133.61
CANDIDATE,37.246869,,23.8036385,,5445.0,1.475643,,431.458
CANDIDATE,37.24703,,35.0,,,1.696,,431.458
FALSE POSITIVE,1.348851,,,,6311.4,1.38773,1.24,657.88
FALSE POSITIVE,1.490219,,,,7175.46,1.72824,1.6,1212.71
CANDIDATE,1.882213,,,,6590.0,1.568,,594.041
FALSE POSITIVE,0.958786,,,,5512.55,1.0377,0.968,352.388
FALSE POSITIVE,0.9587591,,39.0,,,1.171,,352.388
CANDIDATE,1.8554,,,,4990.0,10.091,,1523.8
FALSE POSITIVE,11.100314,,,,4928.18,3.70395,,1179.64
CANDIDATE,1.855827,,,,4720.0,0.664,,151.301
CANDIDATE,15.7512,,1.38,,,0.582,,
CANDIDATE,1.855421,,,,11500.0,2.734,,478.281
FALSE POSITIVE,0.921358,,,,5255.22,1.30486,0.9,1437.76
FALSE POSITIVE,11.078847,,,,5162.0,1.9631,,3503.83
FALSE POSITIVE,0.530431,,,,5666.31,1.49032,1.01,514.007
FALSE POSITIVE,0.747734,,,,8498.37,1.65596,2.11,1405.01
FALSE POSITIVE,0.69719,,,,5535.52,1.45971,0.97,974.491
CANDIDATE,5.513327,,3.9,,5020.0,0.77,,411.227
FALSE POSITIVE,0.884004,,,,5119.55,0.742353,0.86,363.727
CANDIDATE,0.53027,,1.4,,3880.0,0.558,,137.778
FALSE POSITIVE,0.543877,,,,6177.78,1.36241,1.18,585.582
FALSE POSITIVE,6.741846,,,,4861.09,2.13528,,1574.3
CANDIDATE,20.9913,,1.44,,,0.386,,
CANDIDATE,23.89959501695,,12.83075359,476.17,4736.5,0.76962,,310.197
CANDIDATE,23.897707,,,,5020.0,0.728,,310.197
FALSE POSITIVE,2.044175,,,,5480.16,2.49927,0.96,1152.34
CANDIDATE,23.5306712,0.5304,9.25,591.0,6688.0,1.9,1.48,980.582
CANDIDATE,10.6741,,1.86,,,0.9538,,348.572
CANDIDATE,10.673,,,,5919.66,0.928134,1.08,348.572
CANDIDATE,3.78795,,,,5126.0,4.182,,2881.5
FALSE POSITIVE,0.516235,,,,7701.0,2.08947,1.81,2574.17
FALSE POSITIVE,0.635238,,,,4743.31,0.919305,0.76,599.928
FALSE POSITIVE,0.544418,,,,5076.71,1.06871,0.85,655.349
CANDIDATE,1.855516,,,,3110.0,0.189,,99.1062
FALSE POSITIVE,0.698333,,,,4081.0,0.664517,0.64,405.703
CANDIDATE,4.894289,,4.1,,4440.0,0.686,,300.045
CANDIDATE,12.601781,,2.788,,5791.0,1.088,0.803,651.939
CANDIDATE,6.96350934,,,,6244.89,1.23998,1.21,530.425
CANDIDATE,0.769057,,2.06,,3832.0,0.54,,201.71
CANDIDATE,1.91828,,1.0,,,,,
FALSE POSITIVE,2.5819,0.0368,1.9422,,,,,774.157
FALSE POSITIVE,2.5840753,,7.01829,1834.0,6119.0,1.4,,774.157
FALSE POSITIVE,2.5844972,0.026,10.29,2277.0,6471.0,1.39,1.26,774.157
FALSE POSITIVE,2.5331,,,,5301.32,1.54022,0.91,377.686
FALSE POSITIVE,3.022569,,,,6481.66,1.89113,1.32,720.982
CANDIDATE,15.462807,,1.266,,5509.0,0.919,0.802,290.239
FALSE POSITIVE,2.958763,,,,5935.86,2.34828,1.08,1793.74
CANDIDATE,5.51633,,1.38,,,0.306,,159.941
CANDIDATE,0.36091387,,,,6175.0,1.92205,1.18,807.271
FALSE POSITIVE,1.052364,,,,5157.0,1.1112,0.87,1241.86
CANDIDATE,4.7464485,,10.3209,1141.0,5890.5,2.26,,1175.98
CANDIDATE,4.746159,,12.597,,5878.0,2.207,1.677,1175.98
CANDIDATE,4.7464962,0.0651,11.6,1775.0,6486.0,2.1,1.5,1175.98
CANDIDATE,8.952623,,8.917,,5258.0,0.856,1.023,593.449
CANDIDATE,1.99043,,,,5086.0,0.82,,288.24
CANDIDATE,1.99067602,,,,5194.62,0.792521,0.882,288.24
CANDIDATE,1.990422,,1.8,,,0.824,,288.24
FALSE POSITIVE,2.131554,,,,6147.31,2.44273,1.167,421.763
CANDIDATE,8.658,,,,5127.0,0.901716,0.864,213.5
CANDIDATE,8.65871336,,,,5127.0,0.901716,0.864,213.5
CANDIDATE,8.658168,,17.16037834,,5319.0,0.818973,,213.5
CANDIDATE,8.658143,,19.1,,,0.9,,213.5
CANDIDATE,8.657975,,,,5370.0,0.891,,213.5
CANDIDATE,14.5616,,2.82,,,0.849,,546.074
FALSE POSITIVE,2.46819,,,,8315.0,0.817957,2.05,3281.3
FALSE POSITIVE,0.56802,,,,3385.0,0.451115,0.447745,179.563
CANDIDATE,2.787663,,2.2,,3950.0,0.602,,124.362
FALSE POSITIVE,4.612166,,,,5444.37,2.82645,,2652.55
FALSE POSITIVE,0.595558,,,,5854.74,1.20541,1.06,567.958
CANDIDATE,13.798845,,1.665,,4980.0,0.68,0.824,388.413
CANDIDATE,3.41052823,,,,3985.0,0.674996,0.64555,185.767
CANDIDATE,3.41065,,1.65,,,0.701,,185.767
FALSE POSITIVE,0.595667,,,,,,,
CANDIDATE,1.56494,,2.06,,,0.556,,239.729
CANDIDATE,1.56493,,2.22,,3938.0,0.624202,0.607401,239.729
FALSE POSITIVE,3.576744,,,,5896.1,1.30914,1.07,461.706
FALSE POSITIVE,3.57678,,,,5474.0,0.934009,0.96,470.558
CANDIDATE,7.5587,,2.643,,3974.0,0.677,0.636,268.776
CANDIDATE,25.43143,,2.887,,3974.0,0.677,0.636,268.776
FALSE POSITIVE,0.542912,,,,5974.29,2.25382,1.1,1794.75
FALSE POSITIVE,3.79018,,,,5762.0,,,375.949
CANDIDATE,27.693,,,,6286.0,1.7076,1.23,609.973
CANDIDATE,7.13142,,9.6,,,3.4,,
CANDIDATE,7.134,,,,,,,
CANDIDATE,3.57804902,,,,6024.0,1.59182,1.116,459.355
CANDIDATE,12.89398,,1.12,,,0.191,,59.0889
CANDIDATE,9.562742,0.078,2.01,,4349.9,0.667217,0.694726,
CANDIDATE,9.56332821,,,,4432.16,,,
CANDIDATE,9.56183,,1.97,,,0.598,,
CANDIDATE,1.89016107,,,,4491.0,0.74574,0.705,269.311
CANDIDATE,1.88993,,1.29,,,0.638,,269.311
CANDIDATE,1.640707,,2.09,,,0.572,,221.111
CANDIDATE,1.64117466,,,,4493.0,0.664535,0.71,221.111
CANDIDATE,19.53403,,12.7,,,0.45,,181.189
CANDIDATE,19.53405,,9.82,,3316.0,0.460378,0.457571,181.189
CANDIDATE,1.106182,,15.6,,,0.84,,400.766
CANDIDATE,1.106,,,,5900.71,1.11127,1.07,400.766
CANDIDATE,1.10605213,,,,5900.71,1.11127,1.07,400.766
CANDIDATE,1.106175,,8.83310242,,5851.0,0.90632,,400.766
FALSE POSITIVE,1.52317871,,,,5735.72,0.950472,1.024,195.689
FALSE POSITIVE,1.523,,,,5735.72,0.950472,1.024,195.689
FALSE POSITIVE,1.5235,,,,5735.72,0.950472,1.024,195.689
FALSE POSITIVE,0.504961,,,,5169.0,0.906039,0.88,762.137
CANDIDATE,3.383,,,,5603.82,1.019,0.99,591.035
CANDIDATE,3.38199819,,,,5603.82,1.019,0.99,591.035
FALSE POSITIVE,0.593274,,,,5557.0,1.07692,0.98,1303.74
FALSE POSITIVE,1.085097,,,,6503.37,2.97681,1.33,2072.98
CANDIDATE,3.6079916,,15.3816,1228.0,5308.3,1.89,,330.387
CANDIDATE,3.607981,,18.3,,6490.0,2.253,,330.387
CANDIDATE,15.405101,,,,5910.0,1.475,,1917.9
FALSE POSITIVE,14.71,,,,5167.0,2.19732,,478.688
FALSE POSITIVE,14.707213,,,,5167.0,2.19732,,478.688
CANDIDATE,2.176955,,1.25,,,0.169,,42.8914
CANDIDATE,2.17693,,7.92,,3176.0,0.170856,0.14116,42.8914
CONFIRMED,21.1595,,,,3811.0,0.597044,0.585671,186.197
CONFIRMED,21.169861,0.131,1.98,,4148.21,0.571699,0.663459,186.197
CONFIRMED,21.169619,,2.2,,3880.0,0.59,0.61,186.197
CONFIRMED,21.17623917,,,,3811.0,0.597044,0.585671,186.197
CONFIRMED,21.1701963,0.1195,1.92,431.0,4057.0,0.58,0.62,186.197
CONFIRMED,21.1686,,2.18,,,0.642,,186.197
FALSE POSITIVE,1.549381,,,,3570.0,0.541211,0.537281,398.044
CANDIDATE,0.95017067,,,,5339.0,0.746527,0.92,397.097
CANDIDATE,1.53453,,1.02,,,0.29,0.28,
FALSE POSITIVE,20.180269,,,,3380.0,0.342147,0.32513,270.464
FALSE POSITIVE,5.803439,,,,5029.0,1.00796,0.84,471.811
CANDIDATE,20.893526,,,,6020.0,1.765,,424.785
FALSE POSITIVE,3.48928,,0.91,,3742.0,0.682132,0.650711,491.198
CANDIDATE,10.545,,,,6046.92,1.95293,1.12,514.288
CANDIDATE,12.0808,,2.53,,,0.682,,491.148
FALSE POSITIVE,0.575349,,,,5033.0,1.04575,0.84,1354.33
FALSE POSITIVE,2.612938,,,,5014.02,4.77742,,556.574
FALSE POSITIVE,2.612804,,,,5987.0,3.64705,1.1,544.411
FALSE POSITIVE,0.522199,,,,,,,
CANDIDATE,0.4520313,,5.3,,,0.569,,379.43
CANDIDATE,0.45220130587,,7.91722863,1326.28,3739.0,0.633946,,379.43
FALSE POSITIVE,14.343042,,,,3260.0,0.424653,0.419009,308.234
FALSE POSITIVE,0.628876,,,,6688.0,1.49352,1.42,644.303
FALSE POSITIVE,0.636109,,,,6100.77,1.65628,1.15,577.178
CANDIDATE,11.09226,,2.495,,4496.0,0.703,0.74,282.878
CANDIDATE,2.61299,,,,3520.0,0.458,,116.983
CANDIDATE,8.97146,,,,5330.0,0.872,,923.239
FALSE POSITIVE,4.397187,,,,6090.0,1.71021,1.14,680.351
CANDIDATE,19.63975,,,,6730.0,2.183,,501.182
CANDIDATE,19.640151,,43.0,,,2.188,,501.182
CANDIDATE,19.63366256,,,,6516.17,2.11864,1.34,501.182
CANDIDATE,19.640123,,34.30556244,,6398.0,1.743843,,501.182
CANDIDATE,19.64,,,,6516.17,2.11864,1.34,501.182
CANDIDATE,10.90364,,2.214,,3929.0,0.59,0.593,228.973
CANDIDATE,0.995061,,,,5080.0,0.864,,927.712
CANDIDATE,11.2362,,2.25,,,0.955,,276.98
CANDIDATE,5.749481,,2.93,,,0.765,,360.36
CANDIDATE,5.75,,,,4678.76,0.718666,0.75,360.36
CANDIDATE,5.75052,,2.01,,,0.576,,360.36
CANDIDATE,1.6488,,,,3392.0,0.445314,0.441527,184.055
CANDIDATE,1.648932,,9.6,,3440.0,0.46,,184.055
CANDIDATE,24.399869,0.1201,18.43,1144.0,6404.0,1.65,1.33,1062.83
CANDIDATE,2.52,,,,5707.44,1.08666,1.02,406.157
FALSE POSITIVE,0.526316,,,,4397.0,,,262.007
FALSE POSITIVE,1.108972,,,,,,,466.057
CANDIDATE,9.35739,,2.69,,,0.595,,459.035
CANDIDATE,1.810718,,,,5680.0,1.178,,908.34
FALSE POSITIVE,0.582017,,,,5385.55,1.06418,0.934,173.184
CANDIDATE,1.81042,,,,3050.0,0.313,,192.997
CANDIDATE,1.810834,,,,3230.0,0.888,,187.929
CANDIDATE,24.6237203,0.1984,2.33,585.0,5650.0,0.91,0.93,480.307
FALSE POSITIVE,1.810708,,,,6805.0,2.32513,1.46,208.619
FALSE POSITIVE,9.484994,,,,,,,
FALSE POSITIVE,9.510911,,,,3941.0,0.777317,0.61,407.382
FALSE POSITIVE,9.516793,,,,,,,1930.83
FALSE POSITIVE,9.48658,,,,6119.69,1.76772,1.15,641.363
FALSE POSITIVE,9.487929,,,,6214.0,2.65019,1.2,981.161
FALSE POSITIVE,9.49259,,,,4645.01,7.25626,,1514.47
CANDIDATE,8.841,,2.43,,,0.584,,444.665
CANDIDATE,45.38331501,,,,4793.26,0.815611,0.77,466.711
FALSE POSITIVE,0.858462,,,,4467.0,0.840819,0.7,1177.15
CANDIDATE,3.47701708869,,11.85710209,1017.26,5225.91,0.84127,,514.449
CANDIDATE,3.47701312,,,,5225.91,0.84127,0.89,514.449
CANDIDATE,3.4766506,,12.6,,,0.879,,514.449
CANDIDATE,3.477,,,,5225.91,0.84127,0.89,514.449
CANDIDATE,3.476642,,11.5,,,0.84,,514.449
CANDIDATE,3.476633,,12.7,,,0.865,,514.449
FALSE POSITIVE,0.520451,,,,,,,284.828
CANDIDATE,,,4.31,,,1.294,,408.404
CANDIDATE,39.5438,,3.28,,,1.294,,408.404
CANDIDATE,,,3.26,,,1.294,,408.404
CANDIDATE,26.8662,,2.95,,,1.294,,408.404
CANDIDATE,5.7837,,1.38,,,1.31,,289.342
CANDIDATE,5.781853,,1.44284081,,5739.0,1.383982,,289.342
CANDIDATE,5.78,,,,5758.27,1.70787,,289.342
FALSE POSITIVE,1.324292,,,,7114.0,2.71166,1.58,1213.2
CANDIDATE,19.729071,,2.239,,4735.0,0.712,0.769,349.289
CONFIRMED,19.491,,,,6128.0,1.3636,1.158,181.69
CONFIRMED,19.491795,,5.84689735,,6046.0,1.410092,,181.69
CONFIRMED,19.4921473,,5.50689,662.0,6128.0,1.36,,181.69
CONFIRMED,19.492132,,6.0,,,1.48,,181.69
CONFIRMED,19.49221,0.1493,5.76,817.0,6069.0,1.39,1.17,181.69
CONFIRMED,19.491965,,6.8,,6320.0,1.485,,181.69
CONFIRMED,19.49183,,5.96,,,1.403,,181.69
CONFIRMED,19.4921498,,,,6025.0,1.38,1.18,181.69
CONFIRMED,19.491,,5.5,809.0,6019.0,1.387,1.17,181.69
CONFIRMED,19.49213,0.148,6.12,886.35,6025.0,1.38,1.18,181.69
CONFIRMED,19.50735025,,,,6128.0,1.3636,1.158,181.69
FALSE POSITIVE,1.982809,,,,3330.0,0.291,,185.731
FALSE POSITIVE,1.9828041248,,10.89107018,543.47,3213.0,0.293047,,185.731
FALSE POSITIVE,1.9828,,,,3213.0,0.293047,0.268704,185.731
CANDIDATE,29.724674,,1.439,,5339.0,0.854,0.869,120.419
FALSE POSITIVE,0.616444,,,,4937.26,0.750931,0.81,544.461
FALSE POSITIVE,7.218071,,,,6727.06,1.67346,1.433,187.293
FALSE POSITIVE,7.219626,,,,8075.0,2.55977,1.96,189.453
CANDIDATE,7.220537,,,,5420.0,0.932,,657.667
FALSE POSITIVE,7.220943,,,,3092.0,0.292863,0.268495,
CANDIDATE,10.55532,,2.64,,,0.623,,209.555
CANDIDATE,10.555,,,,4067.08,0.722281,0.64,209.555
CANDIDATE,10.55632,,2.86,,4067.08,0.722281,0.64,209.555
FALSE POSITIVE,1.4835,,1.41,,3200.0,0.317944,0.297189,162.067
FALSE POSITIVE,6.0162,,,,3249.0,0.400314,0.391835,186.063
CANDIDATE,1.092845,,,,5620.0,0.951,,183.013
CANDIDATE,1.092673,,,,5140.0,0.783,,621.412
FALSE POSITIVE,1.092917,,,,7226.47,1.78223,1.62,1129.3
CANDIDATE,0.907765,,77.0,,,1.21,,1250.39
CANDIDATE,17.04066667,,,,6117.37,,,293.633
CANDIDATE,17.035203,,53.0,,,1.51,,293.633
CANDIDATE,63.84825,,2.86,,3973.09,0.731598,0.62,202.801
CANDIDATE,63.8432,,2.78,,,0.594,,202.801
CANDIDATE,8.986648,,143.0368808,,5265.0,4.260594,,322.628
CANDIDATE,8.986,,,,5523.32,11.8634,,322.628
CANDIDATE,0.279258,,8.41,,4071.0,0.62,,163.746
CANDIDATE,32.5795,,10.44,,,0.633,,738.829
CANDIDATE,32.576,,,,4217.0,0.694468,0.66,738.829
CANDIDATE,1.744546,,,,6530.0,2.316,,1006.1
FALSE POSITIVE,11.6158,,,,3189.0,0.339085,0.32159,188.025
CANDIDATE,74.8,0.32,4.34,86.0,5044.0,0.7,0.79,228.327
CANDIDATE,6.83292,,1.3,,,0.18,,100.558
FALSE POSITIVE,0.77845,,,,3859.0,0.779314,0.595,183.229
FALSE POSITIVE,0.778,,,,3859.0,0.779314,0.595,183.229
FALSE POSITIVE,0.923861,,,,6235.06,1.90631,1.21,1072.93
FALSE POSITIVE,2.851451,,,,7137.0,2.22321,1.59,2882.33
FALSE POSITIVE,3.244126,,,,4274.11,0.987047,0.67,306.822
FALSE POSITIVE,0.821436,,,,6046.46,1.5043,1.12,655.284
FALSE POSITIVE,3.888853,,,,3693.0,0.696024,0.660661,174.95
FALSE POSITIVE,3.696871,,,,6401.57,1.47855,1.285,218.506
CANDIDATE,3.697161,,,,3120.0,0.245,,474.3418
FALSE POSITIVE,1.769505,,,,5988.0,1.16794,1.1,2873.75
CANDIDATE,23.702342,,,,6280.0,1.869,,549.485
CANDIDATE,2.714743,,1.198,,3634.0,0.415,0.397,196.9
CANDIDATE,5.169887,,9.1,,6830.0,1.45,,306.57
CANDIDATE,5.1699026,,9.23587,1356.0,6283.4,1.48,,306.57
FALSE POSITIVE,3.40819,,,,5416.13,0.849526,0.943,377.273
FALSE POSITIVE,2.22982,,,,7391.0,2.26072,1.69,847.096
CANDIDATE,4.4455436,,15.8181,1528.0,6355.8,2.11,,923.354
CANDIDATE,4.445559,,15.9,,6520.0,2.237,,923.354
CANDIDATE,23.917716,,,,5050.0,0.828,,459.87
CANDIDATE,2.783705,,2.4,,5890.0,0.939,,275.839
FALSE POSITIVE,1.830767,,,,6141.42,0.98712,1.16,453.469
CANDIDATE,9.375266,,3.545,,4571.0,0.747,0.804,529.649
FALSE POSITIVE,0.617674,,,,5271.68,1.10095,0.9,551.825
CANDIDATE,0.986765,,,,6080.0,1.4,,1209.91
FALSE POSITIVE,0.579309,,,,4888.0,0.999114,0.8,804.474
FALSE POSITIVE,1.204338,,,,5633.43,0.907171,1.0,712.719
FALSE POSITIVE,0.604228,,,,,,,
CANDIDATE,0.82182448,,,,5990.46,2.64987,1.1,905.484
CANDIDATE,0.822,,,,5990.46,2.64987,1.1,905.484
CANDIDATE,0.8218241,,6.1,,,2.66,,905.484
FALSE POSITIVE,0.816734,,,,6318.08,1.79519,1.245,292.97
CANDIDATE,14.220246,,,,6130.0,1.461,,644.775
FALSE POSITIVE,0.547674,,,,4926.69,0.786265,0.81,478.589
FALSE POSITIVE,1.743013,,,,7935.6,2.95299,1.9,3310.66
FALSE POSITIVE,0.55082,,,,,,,
FALSE POSITIVE,1.153456,,,,5378.01,2.96865,,2293.47
FALSE POSITIVE,3.797473,,,,5024.68,0.785698,0.84,573.461
FALSE POSITIVE,0.518748,,,,6490.0,1.31192,1.33,428.79
FALSE POSITIVE,0.518754,,,,5514.41,0.878754,0.968,204.192
FALSE POSITIVE,0.98972,,,,5424.29,1.13922,0.94,689.484
FALSE POSITIVE,4.845561,,,,5723.1,1.15426,1.02,692.795
FALSE POSITIVE,0.643142,,,,5412.54,1.05452,0.94,780.54
CANDIDATE,1.466473,,,,4570.0,0.981,,49.7797
CANDIDATE,7.112,,,,5595.68,0.909317,0.989,123.647
CANDIDATE,7.1123703,,1.85858,917.0,5595.7,0.91,,123.647
CANDIDATE,7.112134,,2.7,,5800.0,1.042,,123.647
CANDIDATE,7.112273,,3.2,,,0.96,,123.647
CANDIDATE,7.11047482,,,,5595.68,0.909317,0.989,123.647
FALSE POSITIVE,1.991357,,,,6118.76,1.26082,1.15,521.625
FALSE POSITIVE,16.7004351,,,,5018.76,1.09979,0.83,619.729
FALSE POSITIVE,16.709659,,,,5018.76,1.09979,0.83,619.729
CANDIDATE,20.016917,,,,5790.0,0.97,,312.174
FALSE POSITIVE,1.488249,,,,4080.0,0.982781,0.638,372.01
FALSE POSITIVE,0.610205,,,,5470.83,1.18417,,206.923
FALSE POSITIVE,1.07639,,,,6523.0,1.6002,1.34,587.214
CANDIDATE,5.17518,,1.53,,,0.826,,312.43
CANDIDATE,9.73605539,,,,5508.0,0.946449,0.97,465.051
CANDIDATE,2.22645,,2.6,,,0.782,,569.614
CANDIDATE,2.226,,,,5013.0,0.778333,0.83,569.614
CANDIDATE,3.209,,,,5060.51,0.910204,,238.775
CANDIDATE,3.209185,,40.1,,,0.89,,238.775
CANDIDATE,3.209149,,5.27465763,,5182.0,0.839324,,238.775
CANDIDATE,3.2092033,,6.33877,,5060.5,0.91,,238.775
CANDIDATE,2.91825,,1.65,,,0.776,,274.014
CANDIDATE,2.918,,,,4996.93,0.763904,0.828,274.014
CANDIDATE,0.898,,,,,,,
CANDIDATE,0.898216,,4.02,,5528.0,0.82,,
CANDIDATE,0.898344,,9.8,,,0.9,,
CANDIDATE,0.898312,,32.0,,,0.79,,
CANDIDATE,0.89803906,,,,,,,
CANDIDATE,6.676,,,,4036.0,,,769.424
FALSE POSITIVE,1.023613,,,,6658.58,2.97485,1.4,1223.87
CANDIDATE,0.545702,,,,5330.0,4.752,,2031.74
CANDIDATE,4.70751,,1.52,,,0.998,,329.537
FALSE POSITIVE,5.173531,,,,5188.24,1.14689,0.88,509.353
FALSE POSITIVE,5.489456,,,,5151.0,3.27338,,1869.17
FALSE POSITIVE,0.699705,,,,6804.44,2.09781,1.46,1531.04
FALSE POSITIVE,0.555317,,,,5295.0,1.07851,0.91,1347.23
FALSE POSITIVE,0.569192,,,,6510.0,1.51974,1.34,1683.08
FALSE POSITIVE,0.751394,,,,5480.0,1.27317,0.96,1295.54
CANDIDATE,1.17715,,,,6390.0,2.529,,920.972
FALSE POSITIVE,9.148701,,,,6072.0,1.8215,1.13,599.545
CANDIDATE,1.190316,,,,3420.0,0.335,,157.625
FALSE POSITIVE,2.724469,,,,6707.0,1.60222,1.42,2967.26
FALSE POSITIVE,12.886147,,,,5033.0,0.805017,0.84,278.166
FALSE POSITIVE,0.723102,,,,5897.77,1.19162,1.07,700.399
CANDIDATE,6.924808,,8.5,,5300.0,0.795,,767.471
FALSE POSITIVE,0.526018,,,,3614.0,0.671247,0.642823,265.78
CANDIDATE,1.190354,,,,6350.0,2.407,,329.005
FALSE POSITIVE,0.793048,,,,5459.0,1.76335,0.95,888.636
FALSE POSITIVE,0.594392,,,,5552.0,,,913.25
FALSE POSITIVE,1.160308,,,,4331.0,0.883616,0.677,228.349
CANDIDATE,5.190254,,,,3120.0,0.645,,207.293
CANDIDATE,11.480611,,23.562,,4692.0,5.415,1.48,2622.55
FALSE POSITIVE,0.59812,,,,4142.0,0.935307,0.65,323.769
CANDIDATE,1.095841,,,,5920.0,1.906,,908.898
CANDIDATE,1.717,,,,6049.0,1.69089,1.13,941.744
CANDIDATE,0.7165461,,25.5,,,1.754,,941.744
CANDIDATE,12.426,,,,5926.0,1.34653,1.08,936.196
CANDIDATE,16.715029,,3.402,,5406.0,0.854,0.821,376.519
CANDIDATE,2.76294135,,,,5794.0,0.787867,1.04,348.015
CONFIRMED,2.289363,,1.48,1149.0,5171.0,0.8,0.83,418.395
CONFIRMED,2.28943,,1.323,,,,0.829,418.395
CONFIRMED,2.28896,,1.83,,,0.749,,418.395
CONFIRMED,5.21378,,2.29,,,0.749,,418.395
CONFIRMED,5.213965,,2.27,866.0,5171.0,0.8,0.83,418.395
CONFIRMED,5.213,,,,5008.0,0.776343,0.831,418.395
CANDIDATE,1.225,,,,5222.0,0.836336,0.89,461.318
CANDIDATE,0.595621,,0.58303133,,5338.0,0.863058,,80.3025
CANDIDATE,1.605718,,16.0,,,1.9,,551.776
CANDIDATE,6.669,,,,5048.0,0.871771,0.84,453.754
CANDIDATE,17.788652,,47.8,,,0.76,,805.825
CANDIDATE,12.9348816,,,,,,,375.092
CANDIDATE,12.93562,,33.6,,,1.511,,375.092
CANDIDATE,51.735,,15.3,,,1.511,,375.092
CANDIDATE,34.144,,,,5690.0,1.68987,1.01,1138.25
CANDIDATE,34.1365,,10.54,,,1.791,,1138.25
CANDIDATE,3.56467,,1.62,,,0.564,,267.728
CANDIDATE,21.0791,,2.71,,,1.362,,569.102
CANDIDATE,4.17458,,1.08,,,0.28,,177.501
CANDIDATE,4.174,,,,3620.0,0.539055,0.535304,177.501
CANDIDATE,15.9489,,2.48,,,1.29,,620.59
CANDIDATE,2.548,,,,3545.0,0.515866,0.513515,132.918
CANDIDATE,2.55068936,,,,3545.0,0.515866,0.513515,132.918
CANDIDATE,2.549,,,,,,,
CANDIDATE,2.55234671,,,,,,,
CANDIDATE,2.500285,,64.215,,6051.0,2.481,1.936,308.895
CANDIDATE,0.6962935,,3.85,,,1.107,,380.58
CANDIDATE,22.446,,,,4118.0,0.693527,0.645,333.063
CANDIDATE,26.147,,,,5442.0,0.811187,0.949,336.109
CANDIDATE,26.143,,2.52,,,0.8091,,336.109
CANDIDATE,14.452,,,,6318.0,1.11514,1.24,367.105
CANDIDATE,36.152,,,,6318.0,1.11514,1.24,367.105
CANDIDATE,6.16596,,,,5882.0,1.3,,391.87
CANDIDATE,46.4221,,2.66,,,0.893,,485.771
CANDIDATE,46.423,,,,5642.0,0.851697,1.0,485.771
CANDIDATE,1.852487,,36.8,,,2.479,,672.634
CANDIDATE,3.746332,,1.638,,4395.0,0.726,0.795,358.223
CANDIDATE,28.24765,,38.5,,,3.57,,1277.94
CANDIDATE,25.3606,,3.11,,,0.815,,521.039
CANDIDATE,15.7086,,1.96,,,0.595,,291.378
CANDIDATE,9.886,,1.59,,,0.595,,291.378
CONFIRMED,18.0983,,2.17,,,,1.106,611.804
CONFIRMED,18.0971,,2.21,,,1.2247,,611.804
CANDIDATE,12.0156,,2.81,,,1.2247,,611.804
CANDIDATE,12.012,,,,5915.0,1.21834,1.08,611.804
CANDIDATE,0.946,,,,5336.0,0.801858,0.92,590.452
CANDIDATE,0.946033,,1.81,,,0.827,,590.452
CANDIDATE,0.94599529,,,,5336.0,0.801858,0.92,590.452
CANDIDATE,2.667929,,50.7,,,0.94,,440.68
CANDIDATE,1.063,,,,,,,657.203
CANDIDATE,0.531704,,2.0,,,1.06,,657.203
CANDIDATE,0.531684,,2.13,,,1.29,,657.203
CANDIDATE,24.006249,,23.826,,6150.0,1.506,1.214,289.723
CANDIDATE,1.11562824,,,,5806.0,1.09339,1.04,361.175
CANDIDATE,1.115563,,1.29,,,0.98,,361.175
CANDIDATE,1.115,,,,5806.0,1.09339,1.04,361.175
CANDIDATE,1.115485,,1.6,,,1.1,,361.175
CANDIDATE,24.462656,,13.6,,,0.68,,928.672
CANDIDATE,24.482,,28.2,,,2.763,,928.672
CANDIDATE,0.779,,,,,,,
CANDIDATE,0.77923,,0.87,,,,,
CANDIDATE,12.666,,,,5690.0,0.948236,1.01,697.264
CANDIDATE,0.876,,,,5849.0,1.49707,1.06,599.351
CANDIDATE,3.26945,,3.9,,,0.276,,170.258
CANDIDATE,3.269,,,,3201.0,0.263126,0.235199,170.258
CANDIDATE,4.07337,,0.928,,,0.794,,154.177
CANDIDATE,21.6768,,2.87,,,1.003,,618.856
CANDIDATE,21.677,,,,5751.0,0.968677,1.03,618.856
CANDIDATE,6.80213,,1.82,,,0.379,,112.258
CANDIDATE,6.883,,,,4900.0,1.76623,,2424.48
CANDIDATE,6.88385,,8.3,,,0.743,,2424.48
CONFIRMED,34.885,,1.6,,,,0.912,283.29
CANDIDATE,15.381,,,,5079.0,0.752111,0.85,283.29
CANDIDATE,15.3866,,2.41,,,0.758,,283.29
CANDIDATE,11.52898,,3.93,,,0.533,,235.002
CANDIDATE,3.44791,,1.46,,,0.637,,194.771
CANDIDATE,14.4307,,2.28,,,0.986,,469.49
CANDIDATE,8.121,,,,5672.0,1.04659,1.01,688.583
CANDIDATE,8.12088,,2.69,,,1.101,,688.583
CANDIDATE,13.485,,1.67,,,0.879,,368.464
CANDIDATE,13.484958,,1.56669509,,5378.0,0.843263,,368.464
CANDIDATE,13.479,,,,5196.0,0.915477,,368.464
CANDIDATE,17.732736,,23.212,,5650.0,1.684,1.114,1016.28
CANDIDATE,1.096473,,78.0,,,1.913,,1865.48
CANDIDATE,4.162764,,1.5,,,0.83,,221.753
CANDIDATE,13.7043,,1.3,,,1.014,,247.376
CANDIDATE,13.52583,,2.49,,,0.927,,393.306
CANDIDATE,13.524,,,,5531.0,0.913819,0.973,393.306
CANDIDATE,13.52475,,2.27671392,,5570.0,0.888236,,393.306
CANDIDATE,14.311,,,,4076.0,0.614558,0.638,119.379
CANDIDATE,21.379793,,2.088,,4722.0,0.698,0.825,494.551
CANDIDATE,8.853025,,14.4,,,0.87,,701.022
CANDIDATE,8.85007649,,,,5639.0,1.12685,1.0,701.022
CANDIDATE,8.853,,,,5639.0,1.12685,1.0,701.022
CANDIDATE,2.58166013,,,,4998.0,0.86975,0.83,285.382
CANDIDATE,2.581467,,5.7,,,0.78,,285.382
CANDIDATE,2.581,,,,4998.0,0.86975,0.83,285.382
FALSE POSITIVE,2.581,,,,4076.0,0.757718,0.64,291.948
FALSE POSITIVE,2.58148,,5.38,,4076.0,0.757718,0.64,291.948
CANDIDATE,14.069,,,,,,,
CANDIDATE,14.07277587,,,,,,,
CANDIDATE,14.069121,,1.8,,,0.84,,
CANDIDATE,14.06928,,1.83,,,0.876,,
CANDIDATE,14.069759,,1.86705079,,5343.0,0.890011,,
CANDIDATE,18.155653,,55.0,,,0.83,,664.868
CANDIDATE,6.373,,,,6518.0,0.991065,1.34,3353.73
CANDIDATE,3.021944,,10.8,,,1.082,,434.609
CANDIDATE,3.021795,,45.9,,,1.09,,434.609
CANDIDATE,3.02164122,,,,5975.0,1.05594,1.1,434.609
CANDIDATE,7.783286,,155.7,,,3.83,,590.762
CANDIDATE,7.785,,,,4726.0,3.88144,,590.762
CANDIDATE,7.78608,,10.9,,,3.34,,590.762
CANDIDATE,7.785227,,7.72094189,,5084.0,1.817689,,590.762
CONFIRMED,15.2841,,1.12,,,,0.95,320.07
CONFIRMED,15.2841,,1.39,,,0.9757,,320.07
CONFIRMED,15.28078,,1.26,756.0,6004.0,0.98,0.99,320.07
CONFIRMED,23.226001,,2.24459533,,5928.0,0.952744,,320.07
CONFIRMED,23.2259,,2.31,,,0.9757,,320.07
CONFIRMED,23.24110566,,,,6055.0,0.94987,1.13,320.07
CONFIRMED,23.228555,,2.32,658.0,6004.0,0.98,0.99,320.07
CONFIRMED,23.226,,,,6055.0,0.94987,1.13,320.07
CONFIRMED,23.226,,2.3,,,0.95,,320.07
CANDIDATE,,,15.2,,,0.797,,499.853
CANDIDATE,4.54462,,6.6,,,0.487,,168.953
CANDIDATE,4.545,,,,3258.0,0.248786,0.219548,168.953
CANDIDATE,0.72436144,,,,3276.0,0.650416,0.627438,98.10119
CANDIDATE,12.346663,,2.345,,5685.0,1.011,0.88,803.651
CANDIDATE,31.4782,,2.6,,,0.7556,,352.373
CANDIDATE,6.02226,,2.02,,,0.9738,,432.644
CONFIRMED,0.578657,,1.2,,5765.0,0.93,,561.929
CONFIRMED,11.811437,,2.3,,5765.0,0.93,,561.929
CONFIRMED,11.81387,,2.67,,,0.948,,561.929
FALSE POSITIVE,4.352428,,16.6,,,0.67,,212.88
FALSE POSITIVE,4.35244,,14.07,,4459.0,0.764238,0.7,212.88
CANDIDATE,2.851702,,2.16,,,0.303,,100.833
CANDIDATE,2.85177,,3.34,,3288.0,0.387653,0.377476,100.833
CANDIDATE,11.090822,,1.818,,5763.0,0.989,0.652,593.791
CANDIDATE,13.83851,,8.26,,,2.65,,759.054
CANDIDATE,13.843,,,,5500.0,2.5315,0.96,759.054
CANDIDATE,13.843725,,6.76064604,,5465.0,1.641721,,759.054
CANDIDATE,13.843678,,21.4,,,0.81,,759.054
CANDIDATE,0.32814902,,,,5793.0,1.10379,1.04,400.006
CANDIDATE,0.984,,,,5793.0,1.10379,1.04,400.006
CANDIDATE,0.32815384,,17.1,,,1.168,,400.006
CANDIDATE,0.328152,,14.79153996,,5759.0,0.990035,,400.006
CANDIDATE,8.253,,,,5419.0,2.02234,0.94,1216.38
CANDIDATE,8.25178,,6.99,,,2.161,,1216.38
CANDIDATE,20.5827,,2.98,,,1.099,,503.022
CANDIDATE,19.1324,,2.73,,,1.347,,439.945
CANDIDATE,2.45840745,,,,5528.0,0.926086,0.97,528.47
CANDIDATE,2.458783,,3.11,,,0.964,,528.47
CANDIDATE,2.459,,,,5528.0,0.926086,0.97,528.47
CANDIDATE,1.05459,,1.29,,3445.0,0.533176,0.529871,52.05051
CANDIDATE,1.054612,,1.0,,,0.36,,52.05051
CANDIDATE,1.055,,,,3445.0,0.533176,0.529871,52.05051
CANDIDATE,1.054604,,0.824,,,0.3,,52.05051
FALSE POSITIVE,1.83473,,29.93,,4385.0,0.826606,0.69,468.892
CANDIDATE,,,24.0,,,0.951,,467.996
CANDIDATE,5.734172,,6.2,,5192.0,2.747,1.147,1949.06
CANDIDATE,62.841,,,,4971.0,1.13363,0.82,543.381
CANDIDATE,25.8614,,1.58,,,0.295,,157.146
CANDIDATE,25.86125,,2.2,,3653.0,0.432453,0.427575,157.146
CANDIDATE,6.430383,,4.309,,5735.0,1.054,0.839,400.633
CANDIDATE,6.78882,,2.8,,,1.76,,178.226
CANDIDATE,6.788344,,1.6,,,1.11,,178.226
CANDIDATE,6.789076,,1.60793495,,5758.0,0.978493,,178.226
CANDIDATE,6.788,,,,5841.15,1.09551,,178.226
CANDIDATE,18.5159,,3.3,,,1.76,,178.226
CANDIDATE,18.517319,,1.86157195,,5758.0,0.978493,,178.226
CANDIDATE,18.516,,,,5841.15,1.09551,,178.226
CANDIDATE,2.268,,,,5789.0,2.15197,1.04,534.898
CANDIDATE,2.2688499,,,,5789.0,2.15197,1.04,534.898
CANDIDATE,7.264,,,,,,,
CANDIDATE,3.4914,,1.18,,,0.572,,182.528
CANDIDATE,7.685505,,2.084,,5176.0,0.703,0.695,689.524
CONFIRMED,13.603,,,,4581.0,0.669035,0.724,336.25
CONFIRMED,13.60697954,,,,4581.0,0.669035,0.724,336.25
CONFIRMED,13.603,0.098,2.586,536.0,4684.0,0.673,0.69,336.25
CONFIRMED,65.55,0.28,2.69,316.0,4684.0,0.673,0.69,336.25
CANDIDATE,14.78545,,2.62,,,0.623,,302.854
CANDIDATE,34.383193,,2.856,,5666.0,0.972,0.765,624.09
CANDIDATE,19.984217,,2.846,,6823.0,1.753,1.62,273.744
CANDIDATE,1.017968,,36.1,,,0.75,,1531.42
CANDIDATE,1.018,,,,5022.0,0.805916,0.83,1531.42
CANDIDATE,1.017977,,18.1,,,0.638,,1531.42
CANDIDATE,8.491003,,2.228,,5432.0,0.841,0.836,488.679
CANDIDATE,8.95366,,3.32,,,0.841,,371.772
CANDIDATE,8.953,,,,4966.0,0.864025,0.819,371.772
CANDIDATE,37.361973,,2.74426869,,5675.0,1.116937,,132.238
FALSE POSITIVE,4.681743,,5.4,,,0.25,,122.41
FALSE POSITIVE,4.68189,,29.41,,3368.0,0.40606,0.398305,122.41
FALSE POSITIVE,4.68199,,48.33,,4636.0,0.895684,0.736,120.644
CANDIDATE,24.748442,,16.683,,5803.0,0.637,0.633,1967.1
CANDIDATE,3.216,,,,3954.0,0.622576,0.60613,187.747
CANDIDATE,29.978884,,15.3,,,0.94,,847.991
CANDIDATE,6.725,,,,4891.0,0.80913,0.8,382.814
CANDIDATE,6.72511,,4.37,,,0.787,,382.814
CANDIDATE,12.24568,,2.047,,5329.0,0.796,0.871,432.673
CANDIDATE,13.8883,,1.46,,,0.592,,225.309
CANDIDATE,26.939433,,2.869,,5716.0,1.02,0.776,586.92
CANDIDATE,27.7985,,2.47,,,1.484,,242.406
CANDIDATE,20.641492,,49.5,,,1.05,,1015.39
CANDIDATE,12.634794,,47.553,,4999.0,10.265,0.805,5827.15
CANDIDATE,7.535783,,3.131,,3990.0,0.659,14.336,
CANDIDATE,6.116238,,4.886,,6283.0,1.544,1.235,470.651
CANDIDATE,9.668373,,2.628,,5368.0,0.817,0.826,460.478
CANDIDATE,0.546127,,11.3,,,1.447,,496.832
CANDIDATE,2.49686,,90.0,,,11.0,,8706.15
CANDIDATE,5.84643,,10.4,,,0.698,,249.0299
CANDIDATE,9.76897,,,,5388.0,1.2,,300.655
CANDIDATE,9.770186,,3.19260619,,5631.0,0.994327,,300.655
CANDIDATE,9.769155,,3.3,,,1.1,,300.655
CANDIDATE,9.7706,,3.8,,,1.195,,300.655
CANDIDATE,0.515513,,3.4,,,0.75,,4777.67
CANDIDATE,6.7826,,1.88,,,0.705,,280.867
CANDIDATE,3.12951,,18.6,,,1.99,,911.704
CANDIDATE,13.61358,,3.39689521,,4863.0,0.780921,,207.219
CANDIDATE,13.61242,,3.03,,,0.793,,207.219
CANDIDATE,12.364531,,36.3,,,0.76,,602.184
CANDIDATE,6.79867,,4.4,,,1.601,,603.437
CANDIDATE,1.489154,,1.9,,,2.4,,99.9601
CANDIDATE,1.489184,,1.0,,,0.87,,92.4615
FALSE POSITIVE,1.117027,,16.9,,,0.27,,164.337
FALSE POSITIVE,1.11704,,33.94,,3506.0,0.497973,0.496049,164.337
CANDIDATE,14.1297,,1.4,,,0.69,,182.207
CANDIDATE,4.63789,,2.04,,,1.021,,207.966
CANDIDATE,4.637911,,1.87105305,,5608.0,0.985113,,207.966
CANDIDATE,5.059033,,1.03801946,,4455.0,0.623766,,88.1751
CANDIDATE,5.059,,1.12,,4310.0,0.67224,0.67,88.1751
CANDIDATE,1.876899,,13.2,,,0.774,,858.471
CANDIDATE,10.99044,,1.16,,3584.0,0.500884,0.498929,82.2476
CANDIDATE,21.568409,,20.5,,,1.21,,286.762
CANDIDATE,1.236438,,50.0,,,3.2,,1632.44
CANDIDATE,7.269622,,32.9,,,0.73,,2948.78
CANDIDATE,7.269213,,163.0,,,6.93,,2948.78
CANDIDATE,7.457597,,8.7,,,1.037,,512.891
CANDIDATE,7.46475831483,,11.93024915,941.04,5357.0,1.15577,,512.891
CANDIDATE,43.1029,,12.2,,,1.923,,1327.27
CANDIDATE,0.2633809,,370.0,,,37.7,,5933.99
CANDIDATE,15.20726,,26.2,,,1.59,,1484.79
CANDIDATE,15.207101,,12.7,,,0.84,,1484.79
CANDIDATE,0.738067,,260.0,,,25.0,,5304.36
CANDIDATE,4.135707,,1.59980974,,4972.0,0.76364,,215.626
CANDIDATE,4.13556,,1.44,,,0.761,,215.626
CANDIDATE,6.631247,,1.35955936,,4972.0,0.76364,,215.626
CANDIDATE,6.63107,,1.52,,,0.761,,215.626
CANDIDATE,1.726115,,5.6,,,0.839,,372.764
CANDIDATE,1.2539936,,31.7,,,0.948,,328.975
CANDIDATE,0.9085915,,23.1,,,0.95,,664.39
CANDIDATE,6.421719,,15.3,,,1.1,,1159.18
CANDIDATE,2.74324,,28.0,,,4.88,,1634.87
CANDIDATE,0.533393,,19.5,,,14.8,,7293.03
CANDIDATE,23.510811,,18.4,,,0.97,,323.937
CANDIDATE,21.521554,,2.40003126,,5694.0,1.160188,,247.207
CANDIDATE,5.33988,,1.27,,,0.611,,184.786
CANDIDATE,6.689131,,29.9,,,1.011,,739.351
CANDIDATE,,,13.66,,,0.738,,177.075
CANDIDATE,3.6322288,,32.2,,,2.67,,682.985
CANDIDATE,10.14588,,19.43,,,1.198,,1420.16
CANDIDATE,11.12366,,1.8,,,0.8327,,229.811
CANDIDATE,11.123654,,1.71707978,,5310.0,0.820733,,229.811
CANDIDATE,,,57.0,,,1.532,,484.765
CANDIDATE,1.15144,,,,5809.0,1.91,,575.697
CANDIDATE,1.151471,,12.4,,,1.64,,575.697
CANDIDATE,14.94889,,21.9,,,1.69,,477.026
CANDIDATE,14.948966,,36.94985751,,6391.0,1.524443,,477.026
CANDIDATE,3.0203,,5.6,,,1.265,,409.372
CANDIDATE,13.12227,,2.02,,,1.004,,311.378
CANDIDATE,13.125244,,1.67711859,,5742.0,0.976723,,311.378
CANDIDATE,19.68075,,2.55,,,1.079,,264.321
CANDIDATE,19.679411,,2.31529508,,5679.0,1.002168,,264.321
CANDIDATE,3.38492,,1.48,,,0.528,,145.158
CANDIDATE,3.90723655504,,15.34164425,1199.33,5500.0,1.17027,,996.938
CANDIDATE,3.90518,,16.3,,,1.282,,996.938
CANDIDATE,28.077484,,67.3,,,1.54,,805.464
CANDIDATE,11.86386,,2.21,,,0.848,,218.345
CANDIDATE,8.6929,,1.81,,,1.079,,221.962
CANDIDATE,9.761854,,3.4422482,,5529.0,1.770928,,1133.41
CANDIDATE,32.3204,,3.3,,,0.245,,119.005
CANDIDATE,2.786008,,1.9,,,0.42,,45.7494
CANDIDATE,2.78592,,14.87,,3528.0,0.470811,0.46848,45.7494
CANDIDATE,8.60133,,5.31,,,1.016,,642.186
CANDIDATE,29.8411,,5.23,,,1.016,,642.186
CANDIDATE,16.692356,,17.0,,,0.9,,908.519
CANDIDATE,4.833191,,25.31,,,1.8456,,1059.57
CANDIDATE,1.3194719,,14.3,,,1.31,,2182.87
CANDIDATE,1.319474,,16.6,,,1.54,,2182.87
CANDIDATE,21.587326,,1.78061635,,6244.0,1.466377,,282.4672
CANDIDATE,3.041617,,8.9894717,,5250.0,0.873673,,571.458
CANDIDATE,3.04108,,11.9,,,1.91,,571.458
CANDIDATE,0.4951253,,28.8,,,1.87,,823.927
CANDIDATE,1.589843,,49.0,,,3.93,,1030.66
CANDIDATE,8.42177,,3.13,,,1.0511,,380.932
CANDIDATE,8.421659,,3.45758743,,5779.0,1.229497,,380.932
CANDIDATE,9.811589,,4.253,,5953.0,1.882,1.506,685.16
CANDIDATE,11.5843558517,,5.49928933,651.38,5631.0,1.09295,,299.538
CANDIDATE,11.587502,,21.9,,,1.0,,299.538
CANDIDATE,1.549318,,42.6,,,1.67,,473.822
CANDIDATE,5.0521,0.0529,2.1388,,6262.0,1.476,1.198,539.168
CANDIDATE,5.049068,,2.594,,6262.0,1.476,1.198,539.168
CANDIDATE,1.9363475,,46.0,,,1.687,,601.274
CANDIDATE,1.157563,,12.3,,,1.46,,372.956
CANDIDATE,2.17469,,1.8,,,1.083,,361.896
CANDIDATE,1.658223,,0.867,,,0.917,,126.069
CANDIDATE,0.56007,,1.67,,,0.441,,5088.26
CANDIDATE,4.88451,,16.1,,,0.73,,
CANDIDATE,4.35967,,2.31,,,0.559,,213.129
CANDIDATE,1.81053,,1.024,,,0.543,,193.329
CANDIDATE,20.94388,,170.0,,,12.43,,3493.0
CANDIDATE,20.943909,,591.1,,,11.57,,3493.0
CANDIDATE,0.944284,,1.48,,,0.684,,252.377
CANDIDATE,5.29136017752,,11.52204139,1027.17,5555.0,1.03676,,305.038
CANDIDATE,5.29266,,9.6,,,1.0,,305.038
CANDIDATE,5.292627,,10.98,,,1.058,,305.038
CANDIDATE,5.292605,,9.9778729,,5689.0,0.969695,,305.038
CANDIDATE,0.515013,,26.1,,,1.3,,450.472
CANDIDATE,0.5150196,,36.2,,,1.23,,450.472
CANDIDATE,26.4837,,1.98,,,1.378,,293.753
CANDIDATE,2.08807,,12.4,,,4.44,,2010.56
CANDIDATE,34.3797,,118.0,,,4.0,,
CANDIDATE,15.6594,,37.0,,,4.0,,
CANDIDATE,1.4095126,,70.0,,,1.82,,679.951
CANDIDATE,3.22513,,2.33,,,0.437,,219.635
CANDIDATE,4.9234,,1.18,,,0.776,,166.147
CANDIDATE,8.03216,,2.42,,,1.85,,307.706
CANDIDATE,17.093319,,17.7,,,0.426,,
CANDIDATE,17.093491,,32.5,,,0.66,,
CANDIDATE,50.693644,,8.68300668,,5220.0,0.792931,,159.676
CANDIDATE,50.69369,,8.85,,,0.781,,159.676
CANDIDATE,50.6939885,,8.48837,364.0,5216.0,0.78,,159.676
CANDIDATE,0.7988525,,4.00703,1325.0,4785.0,0.86,,232.822
CANDIDATE,0.7988453,,6.2,,,0.728,,232.822
CANDIDATE,0.4378443,,41.0,,,1.3,,324.77
CANDIDATE,13.26931,,23.8,,,1.127,,532.374
CANDIDATE,7.119856,,1.8797781,,5318.0,0.852371,,195.795
CANDIDATE,7.12113,,1.99,,,0.853,,195.795
CANDIDATE,8.904672,,26.1,,,1.014,,830.221
CANDIDATE,8.90003342005,,15.12617706,884.09,5854.0,1.0044,,830.221
CANDIDATE,8.904519,,36.9,,,0.89,,830.221
CANDIDATE,2.5048178,,3.9467,1282.0,5328.0,0.92,,427.038
CANDIDATE,2.504853,,3.95,,,0.905,,427.038
CANDIDATE,3.68047,,1.11,,,0.777,,150.193
CANDIDATE,3.68034,,1.06218625,,5121.0,0.774992,,150.193
CANDIDATE,2.6017,,1.47,,,0.839,,272.297
CANDIDATE,15.960128,,19.5,,,0.87,,488.796
CANDIDATE,16.9616,,2.7,,,1.277,,630.789
CANDIDATE,0.7175747,,28.1,,,0.818,,362.117
CANDIDATE,5.1645,,0.784,,,0.255,,180.075
CANDIDATE,3.44795,,0.97,,,0.332,,138.464
CANDIDATE,,,36.0,,,1.208,,471.523
CANDIDATE,0.5551606,,11.4,,,1.657,,765.396
CANDIDATE,6.26242,,2.03,,,0.762,,294.452
CANDIDATE,24.4131,,15.3,,,0.64,,383.477
CANDIDATE,4.02748,,1.24,,,0.5901,,271.952
CANDIDATE,10.55369,,2.72,,,0.88,,449.919
CANDIDATE,41.55209,,4.3,,,0.73,,157.811
CANDIDATE,41.552934,,4.15834582,,4895.0,0.724128,,157.811
CANDIDATE,23.6088,,3.43,,,1.203,,427.026
CANDIDATE,23.607902,,3.11864589,,6057.0,1.115157,,427.026
CANDIDATE,23.610939,,3.0,,,1.09,,427.026
CANDIDATE,21.98131,,197.025,,4491.0,22.415,1.077,283.43
CANDIDATE,9.64954,,2.74,,,0.593,,109.269
CANDIDATE,6.5534,,1.11,,,0.766,,121.226
CANDIDATE,0.6719977,,25.2,,,1.79,,671.807
CANDIDATE,4.4358,,1.3,,,0.879,,208.936
CANDIDATE,4.435717,,1.32476068,,5374.0,0.846676,,208.936
CANDIDATE,3.31347,,3.8,,,0.824,,397.887
CANDIDATE,1.72767,,21.3,,,0.37,,
CANDIDATE,4.69942,,2.5,,,0.605,,257.279
FALSE POSITIVE,4.7535,0.0559,1.5147,,5986.0,1.27,0.982,522.655
CANDIDATE,12.7256,,2.16,,,1.001,,568.667
CANDIDATE,45.4939,,7.17,,,1.626,,455.775
CANDIDATE,12.092199,,5.84432297,,5333.0,0.990979,,815.767
CANDIDATE,12.09259,,14.7,,,2.46,,815.767
CANDIDATE,12.092216,,4.7,,,0.84,,815.767
CANDIDATE,10.7946,,2.34,,,0.618,,250.183
CANDIDATE,10.7946,,,,5045.0,0.62,,250.183
CANDIDATE,4.06643,,1.22,,,0.618,,250.183
CANDIDATE,57.8396,,9.8,,,0.729,,318.408
CANDIDATE,4.49161,,2.01,,,0.823,,371.406
CANDIDATE,19.4989,,2.32,,,1.085,,467.943
CANDIDATE,19.496649,,2.21599278,,5758.0,1.155241,,467.943
CANDIDATE,3.78177,,1.81,,,1.095,,511.114
CANDIDATE,9.073266,,23.32,,,1.763,,676.848
CANDIDATE,2.010607,,1.28,,3806.0,0.618,0.61,241.243
CANDIDATE,13.6094,,2.44,,,0.564,,205.199
CANDIDATE,5.23587,,4.86,,,1.248,,718.648
CANDIDATE,5.235714,,4.3,,,1.17,,718.648
CANDIDATE,2.43807,,2.15,,,0.625,,458.234
CANDIDATE,6.80111,,1.96,,,0.291,,115.222
CANDIDATE,0.36432247904,,6.95273914,1086.47,3473.0,0.347331,,233.735
CANDIDATE,0.728639,,17.2,,,0.69,,233.735
CANDIDATE,17.1057,,5.91,,,0.592,,523.873
CANDIDATE,7.30383,,2.18,,,0.715,,313.326
FALSE POSITIVE,7.3274,0.076,2.1225,,5197.0,0.96,1.365,538.349
CANDIDATE,4.684559,,4.757,,5829.0,1.184,0.901,266.331
CANDIDATE,57.8415,,6.13,,,1.495,,569.214
CONFIRMED,0.762406,,0.99,,5620.0,0.89,,624.512
CANDIDATE,9.4538,,1.91,,,0.932,,639.618
CANDIDATE,7.51114,,2.98,,,0.643,,441.434
CANDIDATE,10.4347,,1.69,,,0.816,,452.88
CANDIDATE,15.246593,,78.0,,,1.91,,129.944
CONFIRMED,0.70531,,1.6,,5499.0,1.0,,496.289
CONFIRMED,0.70531,,1.48,,,,0.94,496.289
CONFIRMED,0.705386,,1.73,,,1.013,,496.289
CANDIDATE,4.284523,,1.30280156,,4360.0,0.62182,,
CANDIDATE,4.28446,,1.98,,,0.934,,
CANDIDATE,4.28475,,1.2,,,0.55,,
CANDIDATE,6.53074,,,,3628.0,0.69,,256.187
CANDIDATE,6.53046,,3.36,,,0.692,,256.187
CANDIDATE,,,6.71,,,1.256,,400.27
CANDIDATE,14.753,,3.0,,,0.5666,,227.452
CANDIDATE,21.77635,,37.0,,,1.122,,603.921
CANDIDATE,21.776971,,19.9,,,0.84,,603.921
CANDIDATE,8.78627,,3.16,,,1.184,,545.752
CANDIDATE,57.1050077,,5.93946,530.0,5816.0,0.97,,185.272
CANDIDATE,57.10412,,5.61,,,0.971,,185.272
CANDIDATE,20.21535,,2.61,,,0.971,,185.272
CANDIDATE,39.3266,,3.57,,,1.346,,545.213
CANDIDATE,7.64514,,6.5,,,1.06,,595.529
CANDIDATE,46.47688,,62.0,,,2.394,,1096.56
CANDIDATE,,,12.32,,,1.698,,727.107
CANDIDATE,6.73572,,,,5740.0,1.17,,716.222
CANDIDATE,6.73511,,3.9,,,1.167,,716.222
CANDIDATE,15.1563,,3.01,,,1.167,,716.222
CANDIDATE,13.26773,,4.04,,,0.813,,412.391
CANDIDATE,7.14238,,1.75,,,0.679,,205.004
CANDIDATE,2.653275,,118.0,,,24.8,,2163.13
CANDIDATE,2.65323,,62.27721531,,4621.0,13.730692,,2163.13
CANDIDATE,40.938,,3.57,,,1.083,,498.105
CANDIDATE,29.435233,,2.91662791,,5785.0,1.199507,,368.17
CANDIDATE,10.22657,,2.71,,,0.681,,228.069
CANDIDATE,10.228,,,,4081.0,0.456,,228.069
CANDIDATE,3.91764,,2.94,,,1.35,,781.332
CANDIDATE,6.4063,,0.888,,,0.195,,91.3722
CANDIDATE,31.9761,,3.92,,,1.461,,697.365
CONFIRMED,0.571336,,1.8,,,0.97,,244.59
CONFIRMED,0.571308,,1.46,,5590.0,0.83,0.93,244.59
CONFIRMED,0.5713127,0.01314,1.676,2299.0,5578.0,0.99,0.913,244.59
CONFIRMED,0.571285,,1.816,,,1.02,,244.59
CONFIRMED,0.571282,,1.87,2115.0,5496.0,0.995,0.91,244.59
CONFIRMED,0.571,,1.712,,5496.0,0.981,0.902,244.59
CONFIRMED,0.571336,0.01312,1.82,2063.0,5496.0,0.95,0.92,244.59
CONFIRMED,0.571292,0.0116,1.52,2333.0,5470.0,0.869,0.945,244.59
CONFIRMED,0.571212,,1.6,,5613.0,0.95,,244.59
CONFIRMED,0.571299,,1.66855539,,5590.0,0.906429,0.966939,244.59
CONFIRMED,0.571331,0.0134,1.82,2119.0,5617.0,0.98,0.97,244.59
CONFIRMED,0.571292,0.01326,1.725,2300.0,5532.0,0.988,0.95,244.59
CONFIRMED,13.33877,,3.79,,,1.02,,244.59
CONFIRMED,13.339746,,2.70490157,,5590.0,0.906429,0.966939,244.59
CONFIRMED,13.339079,0.1091,2.73,741.0,5617.0,0.98,0.97,244.59
CONFIRMED,13.341245,,2.53,,5590.0,0.83,0.93,244.59
CONFIRMED,13.338687,,2.8,,,0.97,,244.59
CONFIRMED,13.3387,0.1071,2.77,722.0,5496.0,0.95,0.92,244.59
CONFIRMED,13.33989,0.1073,2.84,804.0,5578.0,0.99,0.913,244.59
CONFIRMED,13.334615,,2.2,,5613.0,0.95,,244.59
CONFIRMED,13.3397,0.105,2.5,774.0,5470.0,0.869,0.945,244.59
CONFIRMED,13.33918,,3.01,740.0,5496.0,0.995,0.91,244.59
CONFIRMED,13.3397,0.1083,2.836,805.0,5532.0,0.988,0.95,244.59
CANDIDATE,8.1344,,2.36,,,1.153,,319.814
CANDIDATE,8.133218,,2.05114626,,5966.0,1.080518,,319.814
CANDIDATE,17.78804,,2.78,,,1.153,,319.814
CANDIDATE,2.52894,,1.44,,,0.962,,402.904
CANDIDATE,2.311162,,51.6,,,1.58,,465.91
CANDIDATE,3.128977,,1.282,,5140.0,0.976,1.478,179.392
FALSE POSITIVE,0.872893,,,,,,,520.768
CANDIDATE,15.35092,,16.31,734.0,5417.0,0.943467,0.94,858.145
CANDIDATE,15.32811688418,,16.40718966,674.85,5417.0,0.943467,,858.145
CANDIDATE,15.78157905706,,11.76767971,726.65,5780.0,1.0,,696.695
CANDIDATE,15.78132,,10.87,741.0,,,,696.695
CANDIDATE,5.20256,,3.58,1000.0,5489.0,0.995782,0.96,427.124
FALSE POSITIVE,16.77217,,19.29,1173.0,4898.0,3.88053,,570.606
FALSE POSITIVE,16.770556,,13.24001074,,4939.0,2.87646,,570.606
CANDIDATE,48.249552,,17.99855135,,5792.0,0.956171,,376.481
CANDIDATE,25.988289,,316.73370059,,4382.0,15.95329,,3177.47
CANDIDATE,18.69646,,2.35,571.0,5212.0,0.764037,0.89,293.107
CANDIDATE,12.20239,,4.15,812.0,5869.0,1.01169,1.06,439.498
CANDIDATE,4.18787,,1.36,1142.0,5589.98,0.972391,0.988,342.142
CANDIDATE,19.57833,,2.77,644.0,5613.0,0.940594,0.99,331.083
CANDIDATE,19.57572,,2.84337254,,5611.0,0.90705,,331.083
CANDIDATE,0.844548,,1.005,,3109.0,0.165,0.133,44.1769
CANDIDATE,11.73677,,1.82,516.0,3984.72,0.761077,0.622,282.554
CONFIRMED,0.72813,,1.27,932.0,3506.0,0.423901,0.418179,150.124
CONFIRMED,0.728113,,1.1,,3782.0,0.32,,150.124
CANDIDATE,25.58142,,8.35,914.0,5409.94,1.9082,0.94,1347.93
CANDIDATE,10.583942,,2.72,,5280.0,0.874,0.947,952.829
CANDIDATE,5.69046,,18.81,1503.0,5549.0,1.80891,0.98,1233.28
CANDIDATE,1.055785,,1.51966184,,4315.0,0.592773,,90.5352
CANDIDATE,37.20364,,5.1,498.0,5476.0,0.829429,0.96,788.147
CANDIDATE,20.84919,,3.01,1349.0,9767.0,2.37225,2.49,375.672
CONFIRMED,16.13655,,2.02,739.0,5886.0,0.995311,1.067,121.971
CONFIRMED,16.141132,0.1237,2.332,804.0,5868.0,0.999,0.97,121.971
CONFIRMED,16.1388,,2.18,734.0,5839.0,0.998,0.95,121.971
CONFIRMED,16.140442,,2.05969274,,5870.0,0.975013,,121.971
CANDIDATE,0.251647,,27.97665274,,5833.0,0.986936,,437.59
CANDIDATE,11.67254,,3.87,946.0,5725.0,1.22705,1.02,740.114
CANDIDATE,4.03692,,2.24,870.0,4861.07,0.735009,0.792,104.856
CANDIDATE,4.036791,,2.33800166,,4933.0,0.72841,,104.856
CANDIDATE,3.137611,,,,3579.0,0.452762,0.5,382.887
CANDIDATE,9.632039,,2.279,,4646.0,0.697,0.722,98.6156
CANDIDATE,18.239311,,3.792,,4015.0,0.477,1.621,615.579
CANDIDATE,11.109675,,2.462,,4813.0,0.657,0.717,325.593
CANDIDATE,5.1392756,,2.17365,706.0,4014.0,0.71,,139.371
CANDIDATE,5.138,,,,,,,139.371
FALSE POSITIVE,10.7228,0.0879,1.2998,,5909.0,1.114,0.883,279.088
CANDIDATE,29.957262,,8.456,,4897.0,0.711,0.909,469.827
CANDIDATE,8.04473,,,,4975.0,0.79,,712.62
CANDIDATE,11.82469,,,,4975.0,0.79,,712.62
FALSE POSITIVE,2.0507,0.0258,0.4064,,4514.0,0.645,0.769,83.9705
CANDIDATE,7.084267,,3.848,,4572.0,0.765,0.881,309.923
CANDIDATE,20.676056,,3.302,,4572.0,0.765,0.881,309.923
CANDIDATE,6.786539,,1.2,,5866.0,0.975,0.795,252.314
CANDIDATE,2.988541,,3.504,,5761.0,1.023,0.877,551.496
CANDIDATE,21.436032,,2.486,,3627.0,0.467,0.466,143.481
FALSE POSITIVE,0.8768,0.0034,8.4683,,3734.0,0.515,0.512,118.9255
FALSE POSITIVE,0.877,,,,,,,118.9255
CANDIDATE,6.39595,,,,3972.0,0.68,,106.26
CANDIDATE,3.853494,,6.957,,4459.0,0.744,0.838,509.382
CANDIDATE,4.696045,,2.57,,5003.0,0.782,0.907,371.377
CANDIDATE,8.6387,,,,5120.0,0.647,,2684.32
CANDIDATE,3.98547,,,,4256.0,0.72,,500.636
CANDIDATE,16.607299,,2.532,,4878.0,0.756,1.011,534.301
CANDIDATE,16.980197,,2.705,,5319.0,0.879,0.852,520.702
CANDIDATE,1.827,0.0187,0.99,986.0,3949.0,0.503,0.523,155.764
CANDIDATE,1.29655,,8.559,,3583.0,0.586,0.54,
CANDIDATE,3.379516,,4.742,,4940.0,0.741,0.767,
CANDIDATE,1.082,0.0162,2.22,928.0,3408.0,0.516,0.245,189.955
CANDIDATE,1.082361,,7.158,,5556.0,1.721,1.159,189.955
CANDIDATE,3.35,0.0266,0.97,851.0,4408.0,0.427,0.276,157.001
CANDIDATE,9.32,0.0724,1.43,516.0,4408.0,0.427,0.276,157.001
CANDIDATE,13.9145,,,,6640.0,1.6,,458.764
CANDIDATE,4.03776,,,,4689.0,0.58,,253.772
CANDIDATE,7.539949,,2.511,,5661.0,1.205,1.157,566.932
CANDIDATE,5.10555,,10.889,,4938.0,1.109,1.873,1036.96
CANDIDATE,17.768404,,2.787,,4961.0,0.763,0.98,362.567
CANDIDATE,4.464438,,6.184,,5894.0,1.434,1.046,1034.48
CANDIDATE,11.416439,,3.034,,3668.0,0.451,0.496,176.564
CANDIDATE,7.21084,,2.26,,5739.0,1.053,0.787,610.769
CANDIDATE,13.284219,,1.233,,3245.0,0.124,0.098,
CANDIDATE,24.213117,,0.505,,3245.0,0.124,0.098,
CANDIDATE,2.46564,,30.186,,7068.0,2.497,1.913,474.178
CANDIDATE,18.896192,,1.975,,4459.0,0.545,0.488,148.353
CONFIRMED,6.1802679,,,,6202.0,1.586,1.317,372.632
CONFIRMED,6.180235,0.07229,11.780659,1401.0,6202.0,1.586,1.317,372.632
CONFIRMED,6.18026138745,,13.70374653,1406.03,6513.0,1.73931,,372.632
CANDIDATE,13.107894,,25.768,,5732.0,1.081,0.958,
CANDIDATE,1.925,0.0251,1.07,452.0,3067.0,0.236,0.121,98.2667
CANDIDATE,10.1997,,,,5340.0,0.97,,143.364
CANDIDATE,21.371372,,16.514,,4692.0,1.14,1.232,365.61
CANDIDATE,7.098695,,1.837,,4857.0,0.681,0.809,304.184
CANDIDATE,4.20507412692,,3.32404522,956.13,5086.0,0.877822,,113.205
CANDIDATE,4.20566,,,,5006.0,0.9,,113.205
CANDIDATE,9.7051,,,,5090.0,1.24,,282.011
CANDIDATE,0.73217,,1.108,,4641.0,0.827,0.836,215.202
CANDIDATE,5.228352,,2.282,,6265.0,1.272,0.988,128.654
CANDIDATE,5.2289874,,2.3513,1342.0,6213.0,1.28,,128.654
CANDIDATE,3.1764,0.0377,0.9532,,4434.0,0.741,0.861,258.033
CANDIDATE,2.419472,,36.563,,6830.0,2.476,2.086,816.763
CANDIDATE,6.770834,,25.455,,6310.0,2.243,1.895,726.871
CANDIDATE,14.616783,,2.119,,5174.0,0.821,1.016,364.464
CANDIDATE,13.7579,,,,4860.0,0.76,,320.78
CANDIDATE,3.3733,0.0279,1.5839,,5634.0,0.779,0.693,684.2
CANDIDATE,8.4356,0.0708,2.9192,,5634.0,0.779,0.693,684.2
CANDIDATE,3.09246,,2.413,,4051.0,0.698,0.813,312.929
CANDIDATE,20.379434,,24.603,,4993.0,4.259,1.249,1165.32
CANDIDATE,4.420394,,10.293,,5943.0,2.875,2.489,2925.42
CANDIDATE,1.248905,,4.073,,5496.0,1.289,1.041,325.769
CANDIDATE,12.505,0.1034,1.673,,5214.0,0.975,1.027,375.171
CANDIDATE,11.95706,,2.635,,5292.0,0.829,0.954,402.93
CANDIDATE,7.624,0.0775,2.4551,,5998.0,1.29,1.053,867.887
CANDIDATE,6.363302,,2.786,,4482.0,0.819,1.022,208.081
CANDIDATE,5.164157,,1.006,,3832.0,0.627,0.612,84.41801
CANDIDATE,18.001053,,3.794,,5579.0,1.043,0.903,439.116
CANDIDATE,9.426901,,5.543,,5895.0,1.427,1.128,244.912
CANDIDATE,4.71688,,3.725,,4846.0,0.701,0.857,351.038
CANDIDATE,18.436944,,8.002,,5308.0,0.853,0.901,792.086
CANDIDATE,5.751763,,2.378,,4256.0,0.726,0.802,157.656
CANDIDATE,5.7519475,,2.96374,690.0,4181.8,0.84,,157.656
CANDIDATE,10.472764,,2.354,,4256.0,0.726,0.802,157.656
CANDIDATE,3.917682,,5.581,,4566.0,0.656,0.763,1139.59
CANDIDATE,3.577501,,3.3001,870.0,4642.1,0.87,,245.302
CANDIDATE,3.577394,,3.05,,4626.0,0.799,0.87,245.302
CANDIDATE,14.390721,,2.55,,5872.0,1.025,0.863,192.047
CANDIDATE,9.032248,,2.364,,4967.0,0.762,0.993,465.667
CANDIDATE,16.100178,,2.576,,4967.0,0.762,0.993,465.667
CANDIDATE,2.491154,,9.774,,6362.0,1.756,1.49,306.918
CANDIDATE,1.754,0.0365,5.06,873.0,4663.0,0.608,0.625,303.067
CANDIDATE,16.222,0.0999,1.28,417.0,3852.0,0.503,0.518,62.0479
CANDIDATE,2.571267,,5.97,,6216.0,1.75,1.566,469.063
CONFIRMED,3650.0,4.5,12.44199,183.0,4898.0,2.7,0.9,551.886
CANDIDATE,13.071041,,2.285,,5937.0,1.246,0.935,574.665
CANDIDATE,28.848339,,3.657,,5344.0,1.75,0.698,208.346
CANDIDATE,6.695687,,2.17,,5320.0,0.905,0.869,398.534
CANDIDATE,27.917236,,2.551,,5320.0,0.905,0.869,398.534
CANDIDATE,17.818211,,2.77,,3878.0,0.689,0.645,152.095
CANDIDATE,5.116834,,31.682,,6983.0,1.591,1.061,568.505
CANDIDATE,7.522109,,2.249,,6356.0,1.386,1.067,510.418
CANDIDATE,1.075,,,,3503.0,0.567,0.337,101.26
CANDIDATE,18.786043,,2.846,,5450.0,0.773,0.665,297.118
CANDIDATE,15.320606,,1.77,,5819.0,1.118,0.851,338.696
CANDIDATE,7.943604,,1.992,,5498.0,0.87,0.837,312.413
CANDIDATE,7.815366,,2.403,,4884.0,0.755,0.994,207.468
CANDIDATE,19.520805,,2.318,,4884.0,0.755,0.994,207.468
CANDIDATE,39.57057,,23.661,,5166.0,2.041,0.876,1208.99
CANDIDATE,11.29231,,2.348,,4660.0,0.689,0.821,422.123
CANDIDATE,24.481285,,2.49,,4861.0,0.761,1.001,354.044
CANDIDATE,10.307387,,2.602,,5359.0,0.875,0.864,299.694
CANDIDATE,10.205377,,6.31,,6332.0,2.356,2.312,1127.47
CANDIDATE,23.336739,,5.824,,6332.0,2.356,2.312,1127.47
CANDIDATE,1.696716,,5.738,,5289.0,1.992,1.056,581.435
CANDIDATE,31.396001,,10.695,,5631.0,1.783,0.949,642.903
CANDIDATE,18.277358,,1.933,,4280.0,0.636,0.732,295.939
CANDIDATE,28.888589,,6.05,,6117.0,1.319,1.03,573.829
CANDIDATE,2.228112,,1.398,,4355.0,0.693,0.785,295.263
CONFIRMED,3.5951,0.047,1.95,1616.0,5430.0,1.71,1.05,321.296
CONFIRMED,15.624,0.13,3.67,990.0,5430.0,1.71,1.05,321.296
CONFIRMED,35.747,0.22,3.94,752.0,5430.0,1.71,1.05,321.296
CANDIDATE,0.801864,,1.433,,3594.0,0.393,0.384,134.092
CANDIDATE,17.562214,,12.272,,5873.0,1.619,1.306,1002.05
CANDIDATE,1.705,,,,,,,61.15533
CANDIDATE,35.960194,,2.45,,4090.0,0.672,0.645,282.151
CANDIDATE,17.92,0.1417,2.07,407.0,4176.0,0.576,0.603,142.704
CANDIDATE,22.122365,,3.715,,5393.0,0.969,1.122,156.457
FALSE POSITIVE,3.287912,,,,5137.0,1.01769,0.87,594.128
FALSE POSITIVE,0.505602,,,,4830.0,0.907577,0.78,831.761
CANDIDATE,20.924593,,,,2980.0,0.423,,94.2217
FALSE POSITIVE,1.288312,,,,3412.0,0.57612,0.568153,268.067
CANDIDATE,19.581519,,,,5638.0,0.861,,237.405
CANDIDATE,6.854931,,,,5360.0,1.031,,414.845
CANDIDATE,6.85484645911,,15.65450044,855.36,4797.5,1.06192,,414.845
CANDIDATE,4.392503,,1.11,,4707.0,0.669,0.705,148.641
FALSE POSITIVE,0.598197,,,,5132.0,1.2496,0.87,1100.91
FALSE POSITIVE,2.804246,,,,5938.45,2.42516,1.08,723.966
FALSE POSITIVE,0.691617,,,,5285.0,1.74944,0.91,1319.97
FALSE POSITIVE,0.540527,,,,5187.17,1.03596,0.88,480.202
FALSE POSITIVE,11.349445,,,,6002.0,1.6958,1.11,440.558
FALSE POSITIVE,5.998652,,,,4930.0,2.66723,,355.433
FALSE POSITIVE,2.883162,,,,6100.45,1.21341,1.15,485.65
FALSE POSITIVE,0.545251,,,,6074.26,1.23632,1.14,2369.79
FALSE POSITIVE,0.493967,,,,7437.0,1.9409,1.7,1011.15
FALSE POSITIVE,0.504475,,,,6963.0,1.35063,1.53,1706.89
FALSE POSITIVE,0.781949,,,,5480.9,1.58567,0.96,1230.58
FALSE POSITIVE,5.21459,,,,5457.16,0.996212,0.95,764.784
CANDIDATE,30.921004,,,,6680.0,1.761,,650.843
FALSE POSITIVE,1.332797,,,,6519.0,1.06188,1.34,2522.29
FALSE POSITIVE,0.592255,,,,5660.49,1.04814,1.01,539.859
FALSE POSITIVE,8.07181,,,,5709.51,1.24106,1.018,235.631
FALSE POSITIVE,0.678473,,,,5744.27,1.5871,1.03,1862.01
FALSE POSITIVE,26.286249,,,,5980.95,1.31469,1.1,355.016
CANDIDATE,11.634988,,2.605,,6020.0,1.096,0.89,348.182
FALSE POSITIVE,0.660085,,,,4401.0,1.16067,0.69,1066.95
FALSE POSITIVE,3.37433,,,,4708.0,3.77637,,1829.54
CANDIDATE,14.223889,,21.936,,5023.0,1.155,1.631,3147.98
CANDIDATE,10.973135,,2.67,,4940.0,0.697,0.823,381.802
FALSE POSITIVE,9.485826,,,,,,,
FALSE POSITIVE,7.220585,,,,,,,
CONFIRMED,5.7459996,,,,3348.0,0.3073,0.29,27.9276
CONFIRMED,5.7459945,,2.06081,393.0,3413.0,0.32,,27.9276
CONFIRMED,5.745912,,,,3390.0,0.307,,27.9276
CONFIRMED,5.746007,0.0385,2.025,456.0,3348.0,0.3073,0.29,27.9276
CONFIRMED,5.7459982,0.0418,1.9,440.6,3395.0,0.3026,0.2952,27.9276
CONFIRMED,1.2089802,0.01888,1.62,1172.0,4269.0,0.613,0.614,29.661
CONFIRMED,1.208957,0.02,1.75,1043.5,4255.0,0.651,0.659,29.661
CONFIRMED,1.208966,0.0206,1.58,1114.0,4219.0,0.622,0.637,29.661
CONFIRMED,1.2089765,,1.529,1055.0,4294.0,0.579,0.593,29.661
CONFIRMED,1.209,,1.571,,4255.0,0.5994,0.606,29.661
CONFIRMED,1.2089755,,1.68645,1183.0,4199.0,0.63,,29.661
CONFIRMED,1.2089819,0.0188,1.577,1175.0,4305.0,0.602,0.606,29.661
CONFIRMED,1.2089749,,,,4255.0,0.651,0.659,29.661
CONFIRMED,1.208974,0.0189,1.44,1035.01,4236.0,0.58,0.62,29.661
CONFIRMED,1.2089819,0.0188,1.577,,4340.0,0.602,0.606,29.661
CONFIRMED,3.648083,0.03942,1.269,811.0,4269.0,0.613,0.614,29.661
CONFIRMED,3.648095,,1.201,730.0,4294.0,0.579,0.593,29.661
CONFIRMED,3.648096,0.03925,1.241,813.0,4305.0,0.602,0.606,29.661
CONFIRMED,3.64823,0.0429,1.24,771.0,4219.0,0.622,0.637,29.661
CONFIRMED,3.6480957,0.03925,1.241,,4340.0,0.602,0.606,29.661
CONFIRMED,3.64802,0.042,1.36,721.9,4255.0,0.651,0.659,29.661
CONFIRMED,3.648103,0.0395,1.13,715.94,4236.0,0.58,0.62,29.661
CONFIRMED,3.6481145,,,,4255.0,0.651,0.659,29.661
CONFIRMED,6.2014698,0.05591,2.022,,4340.0,0.602,0.606,29.661
CONFIRMED,6.201467,0.05615,2.07,680.0,4269.0,0.613,0.614,29.661
CONFIRMED,6.20183,0.053,1.98,675.0,4236.0,0.58,0.62,29.661
CONFIRMED,6.20142,0.0611,2.04,646.0,4219.0,0.622,0.637,29.661
CONFIRMED,6.20147,0.0559,2.022,681.0,4305.0,0.602,0.606,29.661
CONFIRMED,6.20141,0.06,2.1,604.9,4255.0,0.651,0.659,29.661
CONFIRMED,6.201812,0.0563,1.89,599.68,4236.0,0.58,0.62,29.661
CONFIRMED,6.20183,,1.955,612.0,4294.0,0.579,0.593,29.661
CONFIRMED,3.79985297,,,,4390.0,0.617,0.645,143.651
CONFIRMED,3.79985363,,,,,,,143.651
CONFIRMED,3.7999139,,10.8,,4171.0,0.64,,143.651
CONFIRMED,3.799847,0.04117,10.581296,818.0,4390.0,0.617,0.645,143.651
CONFIRMED,3.799878,,11.8,,,0.693,,143.651
CONFIRMED,3.80001,,40.0,,4441.0,0.68,,143.651
CONFIRMED,3.7998529,,,,,,,143.651
CONFIRMED,3.79985358153,,13.26706229,782.65,4133.4,0.759375,,143.651
CONFIRMED,3.7998534,,,,4390.0,0.617,0.645,143.651
CONFIRMED,3.799847,0.04122,10.581296,,4390.0,0.617,0.645,143.651
CONFIRMED,2.7908821,,19.1,,6659.0,1.8,,320.639
CONFIRMED,2.7908235,,,,6566.0,1.428,1.296,320.639
CONFIRMED,2.790825,,,,6566.0,1.428,1.296,320.639
CONFIRMED,2.790862,,16.72,,,1.439,,320.639
CONFIRMED,2.790963,0.0447,17.0,,6863.0,1.88,1.53,320.639
CONFIRMED,2.7908327,0.0423,16.432394,1840.0,6566.0,1.428,1.296,320.639
CONFIRMED,2.79082479,,,,,,,320.639
CONFIRMED,2.790833,,,,6568.0,,,320.639
CONFIRMED,2.7908327,0.04232,16.432394,,6566.0,1.428,1.296,320.639
CONFIRMED,2.79082852671,,16.75594879,1705.34,6635.91,1.4707,,320.639
CONFIRMED,2.79083,,16.92559,,6566.0,1.47,1.42,320.639
CONFIRMED,3.619188,0.0507,18.03,1596.0,6563.0,1.54,1.33,944.603
CONFIRMED,3.619192,,10.2,,,0.89,,944.603
CONFIRMED,3.6191634,,16.667783,,5871.0,1.46198,1.06,944.603
CONFIRMED,3.6191613,0.04614,16.92559,1637.0,6060.0,1.444,1.0,944.603
CONFIRMED,3.6191546,,,,6060.0,1.444,1.0,944.603
CONFIRMED,3.61887686846,,16.6459863,1443.92,5871.0,1.46198,,944.603
CONFIRMED,3.619167,,17.7,,,1.51,,944.603
CONFIRMED,3.142702,0.0441,7.76,1446.0,6357.0,1.17,1.16,746.138
CONFIRMED,3.142846,,8.84505104,,6235.0,1.29462,1.214365,746.138
CONFIRMED,3.14272,,7.8,,,1.22,,746.138
CONFIRMED,3.142811,,5.69,,,0.822,,746.138
CONFIRMED,3.14324025965,,,1244.27,5780.0,,,746.138
CONFIRMED,3.142833,0.04795,15.13215,2097.0,6408.0,2.21,1.489,746.138
CONFIRMED,3.1428347,,15.513256,,,,,746.138
CONFIRMED,4.17471430219,,13.70940899,1185.55,5859.0,1.08854,,856.436
CONFIRMED,4.175187,,13.4,,,1.15,,856.436
CONFIRMED,4.175186,0.0523,12.92,1203.0,5950.0,1.1,1.1,856.436
CONFIRMED,4.1752387,0.05425,13.843115,1356.0,6149.0,1.155,1.222,856.436
CONFIRMED,4.175235,,12.77,,,1.0878,,856.436
CONFIRMED,1.915311,,13.1414316,,5494.0,1.58042,0.963,638.7
CONFIRMED,1.915298,,17.2,,,1.94,,638.7
CONFIRMED,1.9153073,0.03048,11.937585,,5366.0,1.503,1.03,638.7
CONFIRMED,1.915291,0.0312,13.85,1746.0,5599.0,1.56,1.1,638.7
CONFIRMED,1.9153073,0.03048,11.937585,1823.0,5366.0,1.503,1.03,638.7
CONFIRMED,1.9153196,,14.42,,,1.592,,638.7
CONFIRMED,1.91552575756,,13.74175585,1764.73,5494.0,1.58042,,638.7
CONFIRMED,9.5521,0.09012,2.23,,6290.0,1.18,1.07,109.353
CONFIRMED,9.55804,0.0905,2.32,1046.0,6277.0,1.29,1.08,109.353
CONFIRMED,9.55385,0.08887,2.4,1146.0,6254.0,1.281,1.027,109.353
CONFIRMED,9.554515,,2.32948654,,6321.0,1.273595,1.119172,109.353
CONFIRMED,9.55287,,,,6364.0,1.269,,109.353
CONFIRMED,9.55237,0.0907,2.44,1153.0,6327.0,1.296,1.091,109.353
CONFIRMED,9.55288,,2.4,1040.0,6364.0,1.269,1.154,109.353
CONFIRMED,21.05652,,4.379,799.0,6364.0,1.269,1.154,109.353
CONFIRMED,21.056614,,,,6290.0,1.18,1.07,109.353
CONFIRMED,21.057504,,4.29405386,,6321.0,1.273595,1.119172,109.353
CONFIRMED,21.0576,0.1526,3.95,,6290.0,1.18,1.07,109.353
CONFIRMED,21.05731,,4.98,,6256.0,1.31,1.079,109.353
CONFIRMED,21.05683,,4.05,,6498.0,1.2427,1.33,109.353
CONFIRMED,21.05603,,4.786,,6244.0,1.299,1.024,109.353
CONFIRMED,21.05652,,,,6364.0,1.269,,109.353
CONFIRMED,21.05704,0.1536,4.35,886.0,6327.0,1.296,1.091,109.353
CONFIRMED,21.05788,0.1533,4.31,804.0,6277.0,1.29,1.08,109.353
CONFIRMED,21.058,0.1503,4.4,874.0,6254.0,1.281,1.027,109.353
CONFIRMED,1.62116,0.02732,1.31,2130.0,5799.0,1.59,1.04,155.317
CONFIRMED,479.9,1.2163,,370.0,5799.0,1.59,1.04,155.317
CONFIRMED,10.6413,0.0952,0.91,968.0,5784.0,1.147,1.013,105.48
CONFIRMED,36.57669,0.217,2.42,641.0,5784.0,1.147,1.013,105.48
CONFIRMED,138.0731,0.53,2.4,411.0,5784.0,1.147,1.013,105.48
CONFIRMED,0.959641,0.01796,1.67,1774.0,5261.0,0.88,0.837,47.2899
CONFIRMED,,,,,,,,47.2899
CONFIRMED,0.959641,,1.7,1608.0,5261.0,0.872,0.866,47.2899
CONFIRMED,0.959628,,1.557,1860.0,5370.0,0.828,0.883,47.2899
CONFIRMED,0.96,,1.626,,5261.0,0.88,0.837,47.2899
CONFIRMED,0.959641,0.01815,1.7,,5261.0,0.86,0.86,47.2899
CONFIRMED,0.959628,,1.8,,,0.88,,47.2899
CONFIRMED,0.959665,,1.62377492,,5366.0,0.836616,0.89032,47.2899
CONFIRMED,0.959624,0.0186,1.7,1669.0,5528.0,0.87,0.94,47.2899
CONFIRMED,0.959632,0.01752,1.574,1759.0,5286.0,0.835,0.877,47.2899
CONFIRMED,0.959622,,1.6,,5438.0,0.83,,47.2899
CONFIRMED,0.95965428,0.01802,1.627,1777.0,5300.0,0.871,0.852,47.2899
CONFIRMED,,,,,,,,47.2899
CONFIRMED,29.875221,,2.3,,5438.0,0.83,,47.2899
CONFIRMED,29.84622,0.1806,2.74,548.0,5286.0,0.835,0.877,47.2899
CONFIRMED,29.839835,,3.0,,,0.88,,47.2899
CONFIRMED,29.8454,0.1795,3.01,,5261.0,0.86,0.86,47.2899
CONFIRMED,29.8454,0.1776,3.0,564.0,5261.0,0.88,0.837,47.2899
CONFIRMED,29.83832,0.1841,2.86,531.0,5528.0,0.87,0.94,47.2899
CONFIRMED,29.8454,,2.85,500.0,5370.0,0.828,0.883,47.2899
CONFIRMED,29.844982,,2.83066164,,5366.0,0.836616,0.89032,47.2899
CONFIRMED,29.8464948,0.1783,2.923,565.0,5300.0,0.871,0.852,47.2899
CONFIRMED,29.8454,,3.01,511.0,5261.0,0.872,0.866,47.2899
CONFIRMED,,,,,,,,47.2899
CONFIRMED,8.4112,0.0763,,,5261.0,0.88,0.837,47.2899
CONFIRMED,8.4783,0.07703,,859.5,5300.0,0.871,0.852,47.2899
CONFIRMED,8.509,0.07757,,,5261.0,0.86,0.86,47.2899
CONFIRMED,8.509,,,776.0,5261.0,0.872,0.866,47.2899
CONFIRMED,102.09,0.4048,,374.8,5300.0,0.871,0.852,47.2899
CONFIRMED,96.63,0.3885,,,5261.0,0.88,0.837,47.2899
CONFIRMED,15.611,0.131,2.884,911.0,6252.6,1.22,1.2,35.26
CONFIRMED,15.61136332661,,2.90333467,829.66,6061.77,1.22568,,35.26
CONFIRMED,15.613426,,3.0,,6460.0,1.438,,35.26
CONFIRMED,15.604,0.1296,,,6148.0,1.22,1.19,35.26
CONFIRMED,0.719573,0.01661,1.613,2463.0,5959.0,1.22,1.18,109.86
CONFIRMED,0.719597,,,,6080.0,1.224,,109.86
CONFIRMED,0.71957120984,,1.61084174,2301.94,5910.0,1.25505,,109.86
CONFIRMED,0.719573,0.0166,1.613,,,1.22,1.18,109.86
CONFIRMED,11.8143,0.1115,7.263432,1068.0,5622.0,1.733,1.324,132.345
CONFIRMED,11.8143,0.1066,7.39794,1089.0,5576.0,1.747,1.157,132.345
CONFIRMED,11.81417261526,,6.97249322,1039.22,5609.0,1.78598,,132.345
CONFIRMED,11.8144024,,,,5499.0,1.657,,132.345
CONFIRMED,11.81399,0.105,6.86,1053.0,5499.0,1.657,1.12,132.345
CONFIRMED,11.814417,,,,5499.0,1.657,1.12,132.345
CONFIRMED,9.1205,,2.46598,,5089.0,0.72,0.81,62.4491
CONFIRMED,9.0949,0.07765,2.53,745.0,5089.0,0.716,0.755,62.4491
CONFIRMED,9.1205,0.0906,2.53,690.0,5089.0,0.716,0.775,62.4491
CONFIRMED,9.100412,,2.59387,644.0,5013.7,0.77,,62.4491
CONFIRMED,9.1004157,0.0792,2.469,753.2,5048.0,0.758,0.8,62.4491
CONFIRMED,15.57208,,2.595,959.0,6320.0,1.273,1.16,106.289
CONFIRMED,15.5718552,,2.44317,912.0,6352.33,1.31,,106.289
CONFIRMED,15.572098,,,,6226.0,1.343,1.168,106.289
CONFIRMED,15.5712,,2.9,,6199.0,1.4,1.15,106.289
CONFIRMED,31.6978,,2.56,,6199.0,1.4,1.15,106.289
CONFIRMED,31.70648,,,,6226.0,1.343,1.168,106.289
CONFIRMED,31.71802083162,,2.29980485,696.5,6352.33,1.30883,,106.289
CONFIRMED,31.70603,,2.727,757.0,6320.0,1.273,1.16,106.289
CONFIRMED,156.0,,3.96,,6199.0,1.4,1.15,106.289
CONFIRMED,278.3618,,3.54,367.0,6320.0,1.273,1.16,106.289
CONFIRMED,278.3618,,,,,1.28,,106.289
CONFIRMED,48.1,,,,6199.0,1.35,1.14,106.289
CONFIRMED,1114.0,,,,6226.0,1.343,1.168,106.289
CONFIRMED,131.0,,5.51,,6199.0,1.4,1.15,106.289
CONFIRMED,369.0,,4.92,335.0,6320.0,1.273,1.16,106.289
CONFIRMED,,,,,6226.0,1.343,1.168,106.289
CONFIRMED,1084.0,,,,6226.0,1.343,1.168,106.289
CONFIRMED,46.4,,,,6199.0,1.35,1.14,106.289
CONFIRMED,542.07975,,9.2,294.0,6320.0,1.273,1.16,106.289
CONFIRMED,324.0,,10.2,,6199.0,1.4,1.15,106.289
CONFIRMED,19.307044,,3.73470986,,5638.0,0.902012,0.958188,272.36
CONFIRMED,19.30481,,2.98,,,0.721,,272.36
CONFIRMED,19.30553,,3.773,649.0,5533.0,0.956,0.88,272.36
CONFIRMED,19.292062,,,,5533.0,0.968923,0.973,272.36
CONFIRMED,19.30691,0.1374,3.92,703.0,5647.0,0.93,0.94,272.36
CONFIRMED,19.307107,,3.83,,5454.0,0.86,,272.36
CONFIRMED,19.3037,0.137,4.37,,5581.0,1.08,0.92,272.36
CONFIRMED,19.3044,,3.84,,5620.0,0.98,0.92,272.36
CONFIRMED,1.673847,,3.6,,,1.23,,188.959
CONFIRMED,1.673916,,3.5,,6120.0,1.19,1.18,188.959
CONFIRMED,1.6739035,0.0301,3.88,1841.0,5945.0,1.24,1.15,188.959
CONFIRMED,1.673737,,1.52,,,1.273,,188.959
CONFIRMED,1.67389,,3.57,1720.0,6044.0,1.227,1.21,188.959
CONFIRMED,1.6739,,,,6115.49,1.21742,1.153,188.959
CONFIRMED,1.674,,,,6115.49,1.21742,1.153,188.959
CONFIRMED,1.673918,,4.67,,,1.572,,188.959
CONFIRMED,1.67344228,,,,6115.49,1.21742,1.153,188.959
CONFIRMED,1.6739024,0.0422,3.45,1094.0,6120.0,1.19,1.18,188.959
CONFIRMED,1.673833,0.0296,3.59,1748.0,6168.0,1.22,1.23,188.959
CONFIRMED,1.6739029,,3.44449,1461.0,6115.5,1.22,,188.959
CONFIRMED,14.6762429,0.1124,2.0,618.0,4927.0,0.76,0.82,188.33
CONFIRMED,14.67665,,1.94,,,0.682,,188.33
CONFIRMED,14.677214,,2.19420598,,4942.0,0.769722,0.833034,188.33
CONFIRMED,14.675828,,1.85,,,0.725,,188.33
CONFIRMED,14.677286,,2.0,,4819.0,0.73,0.8,188.33
CONFIRMED,14.66146147,,,,4695.41,0.800765,0.75,188.33
CONFIRMED,14.6843,,,,4695.41,0.800765,0.75,188.33
CONFIRMED,9.9147,,,,4638.0,0.768432,0.736,188.175
CONFIRMED,9.915615,,1.3,,4695.0,0.71,0.77,188.175
CONFIRMED,1.9741954,0.0242,1.79,798.0,3712.0,0.48,0.51,189.289
CONFIRMED,1.974,,,,3578.0,0.502513,0.500534,189.289
CONFIRMED,1.974172,,0.99,,,0.303,,189.289
CONFIRMED,1.9741,,,,3578.0,0.502513,0.500534,189.289
CONFIRMED,1.974991,,,,3820.0,0.484,,189.289
CONFIRMED,1.974238,0.023,1.96,,3546.46,0.492279,0.426533,189.289
CONFIRMED,1.974202,,2.43,,,0.5573,,189.289
CONFIRMED,1.97419,,1.9,,3660.0,0.48,0.51,189.289
CONFIRMED,8.26726,,3.4,805.0,5373.0,0.905,0.94,197.989
CONFIRMED,8.26345949,,,,5411.15,0.915405,0.941,197.989
CONFIRMED,8.26679,,3.40690334,,5475.0,0.908831,0.964948,197.989
CONFIRMED,8.267084,,3.5,,,0.98,,197.989
CONFIRMED,8.26698,,3.55,,,0.947,,197.989
CONFIRMED,8.267704,0.0796,3.37,814.0,5464.0,0.91,0.99,197.989
CONFIRMED,8.2669589,,3.44807,958.0,5411.1,0.92,,197.989
CONFIRMED,8.267,,,,5411.15,0.915405,0.941,197.989
CONFIRMED,8.266902,0.081,3.59,,5434.0,0.95,1.01,197.989
CONFIRMED,8.2669928,0.0833,3.59,928.0,5636.0,0.97,1.05,197.989
CONFIRMED,8.2669897,,,,5636.0,0.97,,197.989
CONFIRMED,3.313921,,12.04276422,,6178.0,1.334682,1.257584,685.2
CONFIRMED,3.3139095,,17.38,,,1.908,,685.2
CONFIRMED,3.31392,0.048,16.14096,1780.0,6030.0,1.78,1.3,685.2
CONFIRMED,3.313944,,14.4,,,1.73,,685.2
CONFIRMED,3.3139151,,,,6030.0,1.78,1.3,685.2
CONFIRMED,3.313959,0.0475,15.98,1649.0,6061.0,1.81,1.3,685.2
CONFIRMED,4.733999,0.0581,5.33,1360.0,5599.0,1.76,1.17,477.295
CONFIRMED,4.73355750515,,5.38526663,1377.32,5496.0,1.75896,,477.295
CONFIRMED,4.73379,,7.56448313,,5414.0,2.306381,1.28805,477.295
CONFIRMED,4.734006,,5.3,,,1.77,,477.295
CONFIRMED,4.73401,,5.28,1446.0,5474.0,1.75,2.83,477.295
CONFIRMED,4.734,,,,5496.0,1.75896,0.964,477.295
CONFIRMED,4.73360988,,,,5496.0,1.75896,0.964,477.295
CONFIRMED,4.73401,0.0573,5.28,1446.0,5474.0,1.75,1.121,477.295
CONFIRMED,4.73363,,5.81,,,1.797,,477.295
CONFIRMED,39.8642,,2.92,,,0.896,,329.309
CONFIRMED,39.863566,,2.47,,5133.0,0.78,,329.309
CONFIRMED,39.93767,0.2257,7.55,734.0,5433.0,5.15,1.35,329.309
CONFIRMED,39.8478,0.2196,2.42,,5264.0,0.83,0.89,329.309
CONFIRMED,13.86387,0.1027,2.56,575.0,4950.0,0.71,0.75,116.474
CONFIRMED,13.85870316,,,,4936.0,0.71181,0.811,116.474
CONFIRMED,13.8636,,2.55,,,0.686,,116.474
CONFIRMED,13.86383,,2.5,,,0.68,,116.474
CONFIRMED,13.864,,,,4936.0,0.71181,0.811,116.474
CONFIRMED,13.86375,0.1021,2.592,640.0,5010.0,0.713,0.738,116.474
CONFIRMED,13.86368,,2.558,571.0,4868.0,0.71,0.7,116.474
CONFIRMED,13.86391,,2.52419159,,4877.0,0.692198,0.724359,116.474
CONFIRMED,13.86375,0.10207,2.592,638.0,5010.0,0.713,0.738,116.474
CONFIRMED,5.351403,,1.22263837,,5741.0,0.922706,0.876863,200.394
CONFIRMED,5.35161,,2.09,,5788.0,1.17,,200.394
CONFIRMED,5.3518,0.0565,1.82,1309.0,5775.0,1.25,0.84,200.394
CONFIRMED,5.35185,,1.41,,,1.275,,200.394
CONFIRMED,5.35232,,1.184,1019.0,5832.0,0.884,0.83,200.394
CONFIRMED,5.35117,0.0621,1.9,1309.0,5730.0,1.23,0.88,200.394
CONFIRMED,5.3518,0.057,1.82,,5775.0,1.25,0.84,200.394
CONFIRMED,15.6805,0.11569,,,5775.0,1.25,0.84,200.394
CONFIRMED,15.6785,0.1166,,,5775.0,1.25,0.84,200.394
CONFIRMED,5.817608,0.0558,10.42437,1178.0,5627.0,1.047,1.007,635.722
CONFIRMED,5.817649,,12.55,,,1.288,,635.722
CONFIRMED,5.817685,0.0642,12.14,1098.0,5660.0,1.24,1.04,635.722
CONFIRMED,5.8176015,,,,5627.0,1.047,1.007,635.722
CONFIRMED,5.8176452,,11.6459,1136.0,5633.4,1.22,,635.722
CONFIRMED,5.817681,,12.5,,,1.33,,635.722
CONFIRMED,11.390955,,10.71,,,0.854,,475.758
CONFIRMED,11.391432,,11.1,,,0.9,,475.758
CONFIRMED,11.39109,0.09309,10.558878,719.0,5027.0,0.828,0.832,475.758
CONFIRMED,11.391,,,,4913.0,0.875936,0.81,475.758
CONFIRMED,11.391013,0.0954,10.67,661.0,5044.0,0.84,0.89,475.758
CONFIRMED,11.39096852897,,11.19847412,667.45,5027.0,0.875936,,475.758
CONFIRMED,11.390931,0.0944,10.59248676,701.4,4899.0,0.832,0.863,475.758
CONFIRMED,11.3909311,0.0943,10.44677001,701.0,4920.0,0.824,0.86,475.758
CONFIRMED,11.3909344,0.0983,10.88,722.0,5039.0,0.87,0.89,475.758
CONFIRMED,11.38576954,,,,4913.0,0.875936,0.81,475.758
CONFIRMED,20.272,,,,5742.0,0.85554,1.026,413.591
CONFIRMED,20.2730282,,10.4386,592.0,5742.0,0.86,,413.591
CONFIRMED,20.272602,,11.5,,,0.86,,413.591
CONFIRMED,20.2729914,0.1415,11.80305668,696.0,5870.0,0.855,0.918,413.591
CONFIRMED,20.272615,0.143,12.06,619.0,5657.0,0.88,0.95,413.591
CONFIRMED,20.272992,,,,,,,413.591
CONFIRMED,20.27285,,11.55,,,0.831,,413.591
CONFIRMED,20.2729861,,,,5560.0,0.881,0.831,413.591
CONFIRMED,20.273034,0.1367,12.498035,682.0,5560.0,0.881,0.831,413.591
CONFIRMED,20.27362337,,,,5742.0,0.85554,1.026,413.591
CONFIRMED,20.273017,,,,5657.0,0.88,0.95,413.591
CONFIRMED,4.654879,,,,4348.35,0.6694,0.694512,49.3855
CONFIRMED,4.655335,,0.71889232,,4547.0,0.687426,0.726778,49.3855
CONFIRMED,4.6556782,,0.814,,4264.0,0.66,,49.3855
CONFIRMED,4.655411,0.048,0.69,,4348.35,0.6694,0.694512,49.3855
CONFIRMED,1.29160335703,,2.45117748,856.69,3689.0,0.514745,,101.632
CONFIRMED,1.291626,,,,3689.0,0.514745,0.512437,101.632
CONFIRMED,1.2916,0.0189,2.03,868.0,3778.0,0.51,0.54,101.632
CONFIRMED,1.291651,,2.1,,,0.52,,101.632
CONFIRMED,1.291563,0.0188,2.03,,3676.0,0.513,0.532,101.632
CONFIRMED,1.291505,0.019,1.96,,3842.12,0.491598,0.582006,101.632
CONFIRMED,1.291605,,1.74,,,0.4,,101.632
CONFIRMED,1.292,,,,3689.0,0.514745,0.512437,101.632
CONFIRMED,5.443984,,2.1,,,0.52,,101.632
CONFIRMED,5.44425,0.0491,1.94,,3676.0,0.513,0.532,101.632
CONFIRMED,5.44482,0.051,2.03,,3842.12,0.491598,0.582006,101.632
CONFIRMED,5.44425,,1.75,,,0.4,,101.632
CONFIRMED,5.444017,0.0492,2.06,537.0,3778.0,0.51,0.54,101.632
CONFIRMED,50.9254,,2.48,,,0.702,,321.722
CONFIRMED,50.92092,0.245,2.54,,4726.29,0.734626,0.756446,321.722
CONFIRMED,7.728578,0.07,2.29,,4752.8,0.679343,0.762669,365.581
CONFIRMED,7.72651124,,,,4525.0,0.739177,0.71,365.581
CONFIRMED,7.7285,,2.16,,,0.589,,365.581
CONFIRMED,7.727574,,2.6,,,0.71,,365.581
CONFIRMED,7.727283,0.0698,2.53,666.0,4740.0,0.71,0.76,365.581
CONFIRMED,7.728,,,,4525.0,0.739177,0.71,365.581
CONFIRMED,8.28176,0.0847,2.72,,6177.0,1.31,1.18,326.381
CONFIRMED,8.28212,0.0802,2.33,1003.0,5800.0,1.01,1.01,326.381
CONFIRMED,8.28192,,2.48,,,1.084,,326.381
CONFIRMED,8.2824161,,2.14,,5615.0,0.92,,326.381
CONFIRMED,8.282455,,2.18823473,,5663.0,1.005112,0.935733,326.381
CONFIRMED,8.28246,0.0792,2.44,1026.0,5672.0,1.117,0.965,326.381
CONFIRMED,5.185759,,7.64369371,,4695.0,0.686484,0.72709,169.398
CONFIRMED,5.185743,,7.7,,,0.71,,169.398
CONFIRMED,5.185758,,7.44,,,0.637,,169.398
CONFIRMED,5.185738,,7.16,716.0,4526.0,0.675,0.71,169.398
CONFIRMED,5.185754,0.052,9.12,,4471.38,0.768,0.711514,169.398
CONFIRMED,5.185972,,,,4664.8,0.649127,0.74,169.398
CONFIRMED,5.185768,,7.50399,935.0,4664.8,0.65,,169.398
CONFIRMED,5.1857539,0.0629,7.52,738.0,4690.0,0.67,0.69,169.398
CONFIRMED,5.1857532,,,,4471.38,0.768,0.711514,169.398
CONFIRMED,5.186,,,,4664.8,0.649127,0.74,169.398
CONFIRMED,5.185761,0.0525,7.5,723.0,4551.0,0.68,0.72,169.398
CONFIRMED,2.2193023,0.0373,1.16,769.0,4009.0,0.59,0.63,72.0444
CONFIRMED,2.219315,0.0288,1.22,,3903.0,0.612,0.644,72.0444
CONFIRMED,2.219405,0.029,1.28,,3993.36,0.590802,0.629589,72.0444
CONFIRMED,2.21944122,,,,3807.0,0.613895,0.59928,72.0444
CONFIRMED,2.219282,0.0285,1.21,814.0,4027.0,0.6,0.62,72.0444
CONFIRMED,2.219,,,,3807.0,0.613895,0.59928,72.0444
CONFIRMED,2.219225,,1.3,,,0.63,,72.0444
CONFIRMED,2.219368,,1.17,,,0.532,,72.0444
CONFIRMED,30.954222,,2.5,,4040.0,0.598,,161.555
CONFIRMED,30.9542,0.1641,2.66,,3880.0,0.592,0.615,161.555
CONFIRMED,30.96028326,,,,3856.0,0.609039,0.595401,161.555
CONFIRMED,30.953,,,,3856.0,0.609039,0.595401,161.555
CONFIRMED,30.956763,0.167,2.65,,4075.67,0.571015,0.649093,161.555
CONFIRMED,30.952606,,3.0,,,0.64,,161.555
CONFIRMED,30.954,,3.07,,,0.637,,161.555
CONFIRMED,30.951524,0.1649,2.76,338.0,4035.0,0.59,0.62,161.555
CONFIRMED,6.413766,0.051,3.03,445.0,3560.0,0.41,0.43,140.385
CONFIRMED,6.413539,0.051,2.64,,3560.7,0.344292,0.436372,140.385
CONFIRMED,6.41362,,2.36,,,0.299,,140.385
CONFIRMED,6.414,,,,3471.0,0.4094,0.402051,140.385
CONFIRMED,6.414008,,2.9,,3620.0,0.394,,140.385
CONFIRMED,6.413718,,2.6,,,0.35,,140.385
CONFIRMED,6.413651,0.049,2.9,442.0,3570.0,0.388,0.39,140.385
CONFIRMED,21.750264,0.121,2.18,,3654.47,0.402049,0.494727,124.156
CONFIRMED,7.38711,,1.92,,,0.625,,102.953
CONFIRMED,7.38795716,,,,4259.0,0.668695,0.666,102.953
CONFIRMED,7.385655,0.0656,1.97,601.0,4339.0,0.65,0.69,102.953
CONFIRMED,7.385453,,2.0,,,0.66,,102.953
CONFIRMED,7.387066,,1.79540442,,4396.0,0.588892,0.610472,102.953
CONFIRMED,7.387073,0.066,1.84,,4367.83,0.62115,0.697192,102.953
CONFIRMED,7.387,,,,4259.0,0.668695,0.666,102.953
CONFIRMED,3.588163,0.0411,8.37,809.0,4575.0,0.66,0.72,709.999
CONFIRMED,3.588158,,9.1,,,0.75,,709.999
CONFIRMED,3.588165,0.041,8.66,,4387.84,0.676994,0.699933,709.999
CONFIRMED,3.5868547125,,11.43763082,1057.3,5036.0,0.980071,,709.999
CONFIRMED,3.588,,,,5036.0,0.980071,0.84,709.999
CONFIRMED,3.588162,,12.72,,,0.982,,709.999
CONFIRMED,5.67556,,1.117,,,0.578,,114.637
CONFIRMED,5.675819,0.056,1.42,,4469.51,0.777569,0.711248,114.637
CONFIRMED,5.675814,,1.20312295,,4621.0,0.650657,0.686997,114.637
CONFIRMED,8.23981,,0.661,,,0.215,,27.7957
CONFIRMED,8.239493,0.057,1.04,,3459.09,0.36001,0.360031,27.7957
CONFIRMED,40.0603,0.2245,2.7,,5727.0,1.09,0.94,342.394
CONFIRMED,39.91488,0.2114,1.89,511.0,5698.0,0.78,0.8,342.394
CONFIRMED,40.062771,,2.29,,5508.0,0.88,,342.394
CONFIRMED,2.494161,,1.06180894,,4528.0,0.64361,0.675067,118.011
CONFIRMED,2.494206,,1.22,,,0.663,,118.011
CONFIRMED,2.49412,0.032,1.25,,4356.47,0.744261,0.69563,118.011
CONFIRMED,0.369,,1.651,,5200.0,0.744,0.793,152.509
CONFIRMED,0.369311,,1.76156914,,5113.0,0.765322,0.802828,152.509
CONFIRMED,0.3693038,,1.81,,5200.0,0.81,0.84,152.509
CONFIRMED,0.36930571984,,2.13418186,2008.02,5129.0,0.755722,,152.509
CONFIRMED,0.369311,,1.5,,5200.0,0.81,,152.509
CONFIRMED,0.36931,0.0095,1.7,2062.0,5245.0,0.75,0.84,152.509
CONFIRMED,0.3693038,0.00936,1.69,2223.0,5120.0,0.7595,0.803,152.509
CONFIRMED,,0.086,14.5717,,,3.85,1.08,609.818
CONFIRMED,9.173866,,6.86473931,,5035.0,2.162531,0.984438,609.818
CONFIRMED,9.1720535,,9.02881,1152.0,4933.0,3.79,,609.818
CONFIRMED,9.172616,,,,4840.0,3.85,1.08,609.818
CONFIRMED,9.1751,,14.5717,,4840.0,3.85,1.08,609.818
CONFIRMED,9.1708,0.0916,12.206601,1586.0,4878.0,4.11,1.19,609.818
CONFIRMED,3.07133,0.03194,1.34,,3655.0,0.455,0.461,75.1703
CONFIRMED,3.0712,0.033,1.31,,3655.0,0.47,0.51,75.1703
CONFIRMED,4.8682,0.045,1.48,,3655.0,0.47,0.51,75.1703
CONFIRMED,4.86784,0.04341,1.603,,3655.0,0.455,0.461,75.1703
CONFIRMED,11.0234,0.077,2.02,,3655.0,0.47,0.51,75.1703
CONFIRMED,11.0248821,,2.46843,734.0,3798.0,0.46,,75.1703
CONFIRMED,11.02454,0.07487,2.003,,3655.0,0.455,0.461,75.1703
CONFIRMED,26.5841,0.1346,1.73,296.0,3655.0,0.455,0.461,75.1703
CONFIRMED,7.9757,,1.05,,4359.0,0.723,0.686,59.2474
CONFIRMED,7.9752,0.0707,1.014,610.0,4500.0,0.677,0.742,59.2474
CONFIRMED,7.975292,,0.99,553.0,4499.0,0.66,0.74,59.2474
CONFIRMED,17.30681,,3.14,,4359.0,0.723,0.686,59.2474
CONFIRMED,17.307137,,2.91,425.0,4499.0,0.66,0.74,59.2474
CONFIRMED,17.30713,0.1185,3.0,470.0,4500.0,0.677,0.742,59.2474
CONFIRMED,17.3077,0.11728,3.03,,4364.0,0.71,0.71,59.2474
CONFIRMED,17.307013,,,,4364.0,0.71,0.71,59.2474
CONFIRMED,17.3070631,,3.7275,658.0,4230.6,0.77,,59.2474
CONFIRMED,25.575065,,1.45,373.0,4499.0,0.66,0.74,59.2474
CONFIRMED,25.575,0.1538,1.565,420.0,4500.0,0.677,0.742,59.2474
CONFIRMED,25.5715,,1.55,,4359.0,0.723,0.686,59.2474
CONFIRMED,0.179715,0.0058,0.89,1471.0,3492.0,0.442,0.463,98.8765
CONFIRMED,0.179719,,0.64,,3697.0,0.29,,98.8765
CONFIRMED,2.35309,0.03385,1.51,,5356.3,0.863,0.935,202.585
CONFIRMED,2.35321,0.0338,1.49,1157.0,5283.0,0.839,0.916,202.585
CONFIRMED,2.35322,0.0338,1.57,,5378.0,0.86,0.93,202.585
CONFIRMED,3.56015,0.0442,2.26,1012.0,5283.0,0.839,0.916,202.585
CONFIRMED,3.55987,0.04454,2.52,,5378.0,0.86,0.93,202.585
CONFIRMED,3.56004,0.04461,2.299,,5356.3,0.863,0.935,202.585
CONFIRMED,5.40484,0.0575,2.46,888.0,5283.0,0.839,0.916,202.585
CONFIRMED,5.40478,0.05883,2.66,,5378.0,0.86,0.93,202.585
CONFIRMED,5.40479,0.05893,2.39,,5356.3,0.863,0.935,202.585
CONFIRMED,8.26146,0.0782,3.39,,5356.3,0.863,0.935,202.585
CONFIRMED,8.26144,0.07807,3.29,,5378.0,0.86,0.93,202.585
CONFIRMED,8.2616616,,3.30997,794.0,5281.0,0.86,,202.585
CONFIRMED,8.26147,0.0792,3.11,757.0,5283.0,0.839,0.916,202.585
CONFIRMED,12.75759,0.1043,2.81,,5378.0,0.86,0.93,202.585
CONFIRMED,12.75758,0.10447,2.904,,5356.3,0.863,0.935,202.585
CONFIRMED,12.75758,0.1064,2.73,653.0,5283.0,0.839,0.916,202.585
CONFIRMED,41.96797,0.23109,3.013,,5356.3,0.863,0.935,202.585
CONFIRMED,41.96645,0.2287,3.18,445.0,5283.0,0.839,0.916,202.585
CONFIRMED,28.380619,0.1796,9.11,524.0,5370.0,0.88,0.96,153.856
CONFIRMED,28.38236,0.179,9.056872,565.0,5340.0,0.862,0.919,153.856
CONFIRMED,28.382206,,9.5,,,0.93,,153.856
CONFIRMED,28.38246,,9.62,,,0.913,,153.856
CONFIRMED,28.382071,,9.26802368,,5425.0,0.872288,0.948628,153.856
CONFIRMED,8.3688168,,6.65,,3879.0,0.56,,364.048
CONFIRMED,8.36779,,8.51,,,0.708,,364.048
CONFIRMED,8.36926,0.061,4.48,,3866.0,0.386,0.433,364.048
CONFIRMED,8.368791,0.069,7.49,,3970.42,0.623332,0.623433,364.048
CONFIRMED,8.36802,0.0627,4.81,488.0,3789.0,0.45,0.47,364.048
CONFIRMED,6.56918,0.0687,12.25,957.0,5705.0,0.99,1.0,347.917
CONFIRMED,6.569188,0.068,13.56286665,962.0,5585.0,1.06,0.96,347.917
CONFIRMED,6.569213,,13.04635343,,5637.0,1.047599,1.017113,347.917
CONFIRMED,6.5693,0.0591,12.273855,1114.0,5654.0,0.987,1.005,347.917
CONFIRMED,6.5692045,,,,5654.0,0.987,1.005,347.917
CONFIRMED,0.28,,1.493,,4599.0,0.6862,0.706,61.8736
CONFIRMED,0.2803226,0.00716,1.54,2039.0,4373.0,0.674,0.662,61.8736
CONFIRMED,0.2803246,,1.64829,2211.0,4477.0,0.72,,61.8736
CONFIRMED,0.2803244,0.00747,1.51,2103.0,4570.0,0.681,0.708,61.8736
CONFIRMED,0.2803244,,1.51,,4599.0,0.681,0.708,61.8736
CONFIRMED,7.7485,0.0683,7.0,695.0,4570.0,0.681,0.708,61.8736
CONFIRMED,7.7485,,7.0,,4599.0,0.681,0.708,61.8736
CONFIRMED,2.644259,,1.38,,,0.225,,79.3002
CONFIRMED,2.644661,0.0259,2.15,534.0,3398.0,0.33,0.33,79.3002
CONFIRMED,2.64484,,1.83,,3359.0,0.325729,0.306161,79.3002
CONFIRMED,2.645,,,,3359.0,0.325729,0.306161,79.3002
CONFIRMED,2.644845,,10.7,,,0.5,,79.3002
CONFIRMED,2.6446,,2.05,,3385.0,0.33,0.331,79.3002
CONFIRMED,2.6698,0.0248,2.25,,3385.0,0.35,0.358,79.3002
CONFIRMED,2.644646,0.0266,2.2,,3385.0,0.35,0.358,79.3002
CONFIRMED,2.643528,,1.47,,,0.226,,79.3002
CONFIRMED,4.00498,,2.19,,3385.0,0.33,0.331,79.3002
CONFIRMED,3.9663,0.0327,2.59,,3385.0,0.35,0.358,79.3002
CONFIRMED,0.961917,0.0159,1.38,,3672.0,0.554,0.583,90.5494
CONFIRMED,0.961916,,0.82,,,0.311,,90.5494
CONFIRMED,0.961918,,0.73,,3775.0,0.31,,90.5494
CONFIRMED,0.961939,0.01575,1.47286006,1077.0,3690.0,0.578,0.563,90.5494
CONFIRMED,4.38395,0.0454,1.33,,4079.0,0.632,0.65,124.458
CONFIRMED,4.38393,,0.701,,,0.371,,124.458
CONFIRMED,6.9226,0.0616,1.73,,4079.0,0.632,0.65,124.458
CONFIRMED,6.92251,,0.9,,,0.371,,124.458
CONFIRMED,9.75833,,0.88,,,0.371,,124.458
CONFIRMED,9.7579,0.0774,1.64,,4079.0,0.632,0.65,124.458
CONFIRMED,11.332,0.083,1.64,,3745.0,0.568,0.595,123.676
CONFIRMED,11.81004,,3.08,,,0.8,,493.992
CONFIRMED,11.808398,,3.1,,4992.0,0.76,,493.992
CONFIRMED,11.8104,0.091,2.48,676.0,5131.0,0.68,0.72,493.992
CONFIRMED,11.8097,0.0946,2.84,,5314.0,0.78,0.81,493.992
CONFIRMED,10.59357,0.0727,2.0,,3499.0,0.436,0.457,102.483
CONFIRMED,10.59366,,1.71,,,0.36,,102.483
CONFIRMED,3.835476,0.0373,1.49,566.0,3695.0,0.45,0.47,69.4798
CONFIRMED,3.835376,,1.5,,,0.45,,69.4798
CONFIRMED,3.83553,,1.054,,,0.321,,69.4798
CONFIRMED,3.835592,0.0365,1.35,,3585.0,0.429,0.44,69.4798
CONFIRMED,32.6527,0.1735,2.81,,3940.0,0.631,0.654,108.449
CONFIRMED,32.6479,0.1716,2.29,337.0,4044.0,0.61,0.63,108.449
CONFIRMED,7.51554,0.0601,2.0,,3720.0,0.495,0.512,143.125
CONFIRMED,7.51574,0.0614,2.0,497.0,3845.0,0.53,0.55,143.125
CONFIRMED,3.67626,0.0405,1.99,715.0,4097.0,0.63,0.65,129.356
CONFIRMED,3.67635,0.0408,2.23,,3978.0,0.649,0.672,129.356
CONFIRMED,7.95486,0.0677,2.07,552.0,4097.0,0.63,0.65,129.356
CONFIRMED,7.95478,0.0683,2.1,,3978.0,0.649,0.672,129.356
CONFIRMED,6.342,0.0562,1.8,708.0,4258.0,0.58,0.65,72.7998
CONFIRMED,6.34365,0.0546,1.55,,3919.0,0.526,0.54,72.7998
CONFIRMED,13.85402,0.092,1.95,,3919.0,0.526,0.54,72.7998
CONFIRMED,13.853487,,,,3919.0,0.526,0.54,72.7998
CONFIRMED,13.85,0.0946,2.6,583.0,4258.0,0.58,0.65,72.7998
CONFIRMED,13.85327454047,,2.2098839,450.75,3893.47,0.655766,,72.7998
CONFIRMED,40.718,0.1937,1.9,381.0,4258.0,0.58,0.65,72.7998
CONFIRMED,40.6835,0.1886,1.64,,3919.0,0.526,0.54,72.7998
CONFIRMED,0.813149,,1.14414279,,4460.0,0.615543,0.642263,150.21
CONFIRMED,0.813143,,1.1,,4460.0,0.62,,150.21
CONFIRMED,0.81314,0.0149,1.15,1347.0,4597.0,0.66,0.66,150.21
CONFIRMED,0.365257,,1.05548088,,5456.0,0.875749,0.939509,298.373
CONFIRMED,0.365261,,1.0,,5456.0,0.88,,298.373
CONFIRMED,0.3652575,0.00962,0.935,2432.0,5334.0,0.86,0.89,298.373
CONFIRMED,10.062106,,2.63456976,,5489.0,0.892097,0.932757,197.299
CONFIRMED,10.06049,0.0887,2.64,794.0,5503.0,0.95,0.92,197.299
CONFIRMED,5.90279,0.0622,1.28,948.0,5503.0,0.95,0.92,197.299
CONFIRMED,12.42205,0.1013,2.26,684.0,5425.0,0.83,0.9,170.998
CONFIRMED,12.421078,,2.20753881,,5419.0,0.829915,0.8857,170.998
CONFIRMED,7.61856,0.06696,1.96,,4800.0,0.67,0.69,334.967
CONFIRMED,7.62117,,1.87,,,0.544,,334.967
CONFIRMED,7.6196574,,2.39,,4620.0,0.71,,334.967
CONFIRMED,7.6188,0.0667,2.02,658.0,4742.0,0.66,0.68,334.967
CONFIRMED,7.62067,0.0662,2.13,710.0,4761.0,0.64,0.67,334.967
CONFIRMED,19.07536,0.122,2.14,523.0,4761.0,0.64,0.67,334.967
CONFIRMED,19.07454,,2.58,,4620.0,0.71,,334.967
CONFIRMED,19.0702,,1.84,,,0.544,,334.967
CONFIRMED,19.07863,0.1229,2.54,485.0,4742.0,0.66,0.68,334.967
CONFIRMED,19.077,0.1235,2.19,,4800.0,0.67,0.69,334.967
CONFIRMED,3.705871,,3.17824034,,5649.0,0.913754,0.982829,315.363
CONFIRMED,9.283188,,6.11721229,,4972.0,2.568173,0.986876,916.319
CONFIRMED,9.457747,,1.48630496,,4885.0,0.725626,0.776634,124.433
CONFIRMED,9.45889,0.0795,1.44,631.0,4842.0,0.69,0.75,124.433
CONFIRMED,6.673117,,2.46610713,,4937.0,0.762201,0.826112,208.529
CONFIRMED,17.355681,,1.81,,5894.0,1.06,,375.67
CONFIRMED,17.3678,,1.93,,,1.27,,375.67
CONFIRMED,17.355066,,3.24925008,,5791.0,2.196069,1.180894,375.67
CONFIRMED,2.354992,,1.27443657,,5185.0,0.803827,0.834847,134.591
CONFIRMED,4.382745,,1.55409035,,5185.0,0.803827,0.834847,134.591
CONFIRMED,14.101361,,2.64809498,,5185.0,0.803827,0.834847,134.591
CONFIRMED,14.06660140645,,3.19087767,629.38,5141.67,0.837606,,134.591
CONFIRMED,8.527219,,1.82322896,,5922.0,1.196219,1.072665,476.882
CONFIRMED,8.52695,0.0858,2.19,1140.0,5960.0,1.61,1.16,476.882
CONFIRMED,9.9785275,,2.34,,5908.0,1.499,1.02,80.8994
CONFIRMED,9.978541,0.0932,2.36509493,1220.0,6310.0,1.499,1.084,80.8994
CONFIRMED,9.975403,,2.13,,6063.0,1.18,,80.8994
CONFIRMED,9.977481,,2.8191657,,5908.0,1.829853,1.016265,80.8994
CONFIRMED,9.9783319274,,2.05153324,1062.3,6073.5,1.47131,,80.8994
CONFIRMED,9.97748,0.091,2.3,1174.0,6011.0,1.494,1.01,80.8994
CONFIRMED,9.97857,0.0999,2.2642141,1131.0,6141.0,1.46,1.337,80.8994
CONFIRMED,15.8523,,2.19,,,0.904,,243.935
CONFIRMED,15.853989,,2.14446231,,5554.0,0.874211,0.906739,243.935
CONFIRMED,15.85412,,2.34,,5495.0,0.88,,243.935
CONFIRMED,15.8523,,1.86,766.35,5502.7,0.83,0.877,243.935
CONFIRMED,6.380803,,1.27328671,,5548.0,0.919053,0.986144,235.867
CONFIRMED,6.38092,,1.341,,,0.981,,235.867
CONFIRMED,6.37961,,1.41,,5347.0,0.83,,235.867
CONFIRMED,17.9654,0.1088,1.53,,4102.0,0.478,0.532,125.106
CONFIRMED,17.96832,,1.78,,,0.556,,125.106
CONFIRMED,17.969079,,1.94750799,,4382.0,0.600869,0.624878,125.106
CONFIRMED,17.96753,0.119,2.23,487.0,4320.0,0.66,0.71,125.106
CONFIRMED,17.969029,0.117,2.03,,4118.41,0.626014,0.657836,125.106
CONFIRMED,17.968216,,2.15,,4151.0,0.63,,125.106
CONFIRMED,7.5734,,1.62,,,1.0849,,392.872
CONFIRMED,7.5767206,,1.5,,5749.0,0.98,,392.872
CONFIRMED,7.576544,,1.41817537,,5748.0,0.981614,0.963657,392.872
CONFIRMED,12.400047,,1.8017647,,5748.0,0.981614,0.963657,392.872
CONFIRMED,12.3988,,2.01,,,1.0849,,392.872
CONFIRMED,12.400731,,1.92,,5749.0,0.98,,392.872
CONFIRMED,5.6228,,3.71,,,2.378,,606.128
CONFIRMED,5.6315915,,1.23,,5032.0,0.77,,606.128
CONFIRMED,5.628466,,2.68657205,,5250.0,1.717458,0.891587,606.128
CONFIRMED,14.317001,,1.8,,5449.0,0.86,,249.742
CONFIRMED,14.3181,,1.69,,,0.824,,249.742
CONFIRMED,14.316941,,1.66608079,,5569.0,0.868889,0.934356,249.742
CONFIRMED,29.6245,,3.02,,,0.824,,249.742
CONFIRMED,29.62682,,3.20569097,,5569.0,0.868889,0.934356,249.742
CONFIRMED,29.626,,,,5547.0,0.857949,0.977,249.742
CONFIRMED,29.626402,,3.41,,5449.0,0.86,,249.742
CONFIRMED,5.868699,,1.60826194,,5580.0,0.843154,0.881538,228.641
CONFIRMED,5.86639571,,,,5573.35,1.00118,0.983,228.641
CONFIRMED,19.564,,2.59,,4581.0,0.673,,99.9293
CONFIRMED,19.56204579364,,3.28708684,464.01,4246.8,0.758892,,99.9293
CONFIRMED,19.56325,,2.59,,4246.81,0.758892,0.66,99.9293
CONFIRMED,19.562307,0.126,2.6,455.0,4455.0,0.676,0.7,99.9293
CONFIRMED,19.562743,,2.49179901,,4500.0,0.63908,0.668401,99.9293
CONFIRMED,19.56236,,2.78,,,0.669,,99.9293
CONFIRMED,19.5661401,,,,4246.81,0.758892,0.66,99.9293
CONFIRMED,9.525988,,2.03803688,,5909.0,1.420038,1.094693,247.266
CONFIRMED,5.32944,,1.55,,,0.911,,247.302
CONFIRMED,5.329439,,1.49090097,,5428.0,0.86416,0.938545,247.302
CONFIRMED,14.155185,,2.1162048,,6063.0,1.213565,1.210525,492.167
CONFIRMED,8.74809,,3.83,,,0.938,,214.753
CONFIRMED,8.75470797754,,3.54381082,840.29,5888.0,0.889347,,214.753
CONFIRMED,8.747818,,3.55790985,,5525.0,0.887267,0.95109,214.753
CONFIRMED,5.17110937,,,,5071.98,0.709349,0.848,190.81
CONFIRMED,5.17222,,2.12,,,0.639,,190.81
CONFIRMED,5.172191,,2.51267885,,5015.0,0.768067,0.824345,190.81
CONFIRMED,32.94171,,1.4,,,0.249,,38.0266
CONFIRMED,32.94112,,2.461,281.0,3449.0,0.468,0.32,38.0266
CONFIRMED,32.947328,,2.17,,3440.0,0.36,,38.0266
CONFIRMED,32.9418,0.1506,2.28,,3496.0,0.4,0.42,38.0266
CONFIRMED,32.93737167947,,2.53362939,260.44,3464.0,0.444516,,38.0266
CONFIRMED,32.939623,0.1429,2.37,284.0,3457.0,0.411,0.359,38.0266
CONFIRMED,32.940045,0.1591,2.61,254.9,3457.0,0.4445,0.4951,38.0266
CONFIRMED,32.93963,0.143,2.38,235.0,3457.0,0.411,0.359,38.0266
CONFIRMED,32.94488,0.1491,2.24,272.0,3503.0,0.394,0.413,38.0266
CONFIRMED,32.92801934,,,,3464.0,0.444516,0.440668,38.0266
CONFIRMED,32.939614,0.1429,2.279,,3457.0,0.411,0.359,38.0266
CONFIRMED,8.962,0.06,,363.0,3457.0,0.411,0.359,38.0266
CONFIRMED,8.86638,,2.51,,,0.6867,,203.896
CONFIRMED,8.866,,,,5368.0,0.697439,0.93,203.896
CONFIRMED,8.867259,,4.4,,,0.65,,203.896
CONFIRMED,8.8665,0.075,2.24179614,729.0,5110.0,0.69,0.71,203.896
CONFIRMED,8.865932,,2.41012773,,5263.0,0.681111,0.730322,203.896
CONFIRMED,8.8656511,0.0734,2.52,802.0,5306.0,0.72,0.72,203.896
CONFIRMED,8.86528860869,,4.28539694,691.34,5368.0,0.697439,,203.896
CONFIRMED,8.867209,0.0753,2.31,731.0,5358.0,0.72,0.72,203.896
CONFIRMED,8.8656,,2.13,672.0,5166.0,0.638,0.67,203.896
CONFIRMED,8.865663,0.0756,2.46597575,797.5,5365.0,0.719,0.735,203.896
CONFIRMED,6.894252,,2.70624391,,5609.0,0.999244,1.043879,360.911
CONFIRMED,6.894287,,2.8,,,1.11,,360.911
CONFIRMED,6.8941,,2.69,949.0,5528.0,1.06,0.96,360.911
CONFIRMED,6.893,,,,5573.0,1.05734,0.983,360.911
CONFIRMED,6.893813,0.0714,2.83587212,1015.0,5520.0,1.04,1.022,360.911
CONFIRMED,6.89442,,3.17,,,1.071,,360.911
CONFIRMED,6.89424037,,,,5573.0,1.05734,0.983,360.911
CONFIRMED,6.894256,0.0706,2.84,962.0,5608.0,1.07,0.99,360.911
CONFIRMED,4.73730765,,,,5180.6,0.790862,0.878,154.83
CONFIRMED,4.736893,,2.86,,,0.822,,154.83
CONFIRMED,4.7369696,0.05174,2.71257333,965.8,5128.0,0.789,0.823,154.83
CONFIRMED,4.736834,,2.9,,,0.82,,154.83
CONFIRMED,4.736837,0.0529,2.76,885.0,5165.0,0.8,0.88,154.83
CONFIRMED,4.736884,,2.76720668,,5159.0,0.790138,0.846996,154.83
CONFIRMED,4.737,,,,5180.6,0.790862,0.878,154.83
CONFIRMED,4.7369683,0.0526,2.69,969.0,5170.0,0.793,0.865,154.83
CONFIRMED,4.7369729,0.0519,2.7,982.0,5181.0,0.8,0.84,154.83
CONFIRMED,4.7369669,,2.93924,1166.0,5069.2,0.79,,154.83
CONFIRMED,0.469285,,1.1,,5482.0,0.87,,329.041
CONFIRMED,0.469269,,2.59929571,,5482.0,0.873283,0.942219,329.041
CONFIRMED,0.469287,,1.46,,,0.984,,329.041
CONFIRMED,10.792635,0.0932,2.87,787.0,5519.0,0.97,0.93,329.041
CONFIRMED,10.7930529,,,,5436.47,0.968558,0.95,329.041
CONFIRMED,10.792,,,,5436.47,0.968558,0.95,329.041
CONFIRMED,10.792613,,2.7,,,0.92,,329.041
CONFIRMED,10.787992,,2.3,,5482.0,0.87,,329.041
CONFIRMED,10.79274,,3.45,,,0.984,,329.041
CONFIRMED,10.793471,,2.51134498,,5482.0,0.873283,0.942219,329.041
CONFIRMED,22.631964,0.1527,2.86,615.0,5519.0,0.97,0.93,329.041
CONFIRMED,22.6302,,5.2,,,0.984,,329.041
CONFIRMED,22.634594,,17.4,,,0.92,,329.041
CONFIRMED,22.620344,,2.3,,5482.0,0.87,,329.041
CONFIRMED,22.629496,,2.54112738,,5482.0,0.873283,0.942219,329.041
CONFIRMED,16.9780102,0.1685,1.47,533.0,5245.0,0.75,0.84,75.5857
CONFIRMED,16.995731,0.1229,1.55,580.0,5220.0,0.78,0.86,75.5857
CONFIRMED,16.995848,,1.6,,,0.79,,75.5857
CONFIRMED,16.994,,,,5237.31,0.767142,0.89,75.5857
CONFIRMED,16.99291698,,,,5237.31,0.767142,0.89,75.5857
CONFIRMED,16.993435,,1.53786409,,5252.0,0.764371,0.818986,75.5857
CONFIRMED,16.996,,1.4,,,0.816,,75.5857
CONFIRMED,10.6161,,1.19,,,0.891,,268.357
CONFIRMED,10.616646,,1.31284773,,5722.0,0.914349,0.976219,268.357
CONFIRMED,10.616384,,1.15,809.0,5788.0,0.94,0.96,268.357
CONFIRMED,52.713494,,2.39,477.0,5788.0,0.94,0.96,268.357
CONFIRMED,52.714072,,2.79551948,,,,,268.357
CONFIRMED,52.7099,,2.48,,,0.891,,268.357
CONFIRMED,41.4661,,3.45,,,1.0574,,330.739
CONFIRMED,41.474219,,3.17207779,,5784.0,0.98083,1.018617,330.739
CONFIRMED,0.773981,,1.3833597,,5477.0,0.894913,0.966999,330.916
CONFIRMED,0.77401,,1.2,,5438.0,0.83,,330.916
CONFIRMED,0.773987,,1.5,,,0.919,,330.916
CONFIRMED,0.77392,0.0164,1.3,1815.0,5484.0,0.92,0.98,330.916
CONFIRMED,2.871512,,1.4,,5438.0,0.83,,330.916
CONFIRMED,2.87162,,1.9,,,0.919,,330.916
CONFIRMED,2.871788,,1.70058746,,5477.0,0.894913,0.966999,330.916
CONFIRMED,2.872042,0.0392,1.8,1173.0,5484.0,0.92,0.98,330.916
CONFIRMED,2.871348,,1.8,,,0.96,,330.916
CONFIRMED,7.14921,0.072,3.17,865.0,5484.0,0.92,0.98,330.916
CONFIRMED,7.149079,,3.22104537,,5477.0,0.894913,0.966999,330.916
CONFIRMED,7.149336,,3.4,,,0.96,,330.916
CONFIRMED,7.14998,,3.51,,,0.919,,330.916
CONFIRMED,7.15451552,,,,5374.67,0.92027,0.93,330.916
CONFIRMED,7.149584,,2.4,,5438.0,0.83,,330.916
CONFIRMED,7.15,,,,5374.67,0.92027,0.93,330.916
CONFIRMED,13.608341,,2.25541631,,5477.0,0.894913,0.966999,330.916
CONFIRMED,13.608511,,2.5,,,0.96,,330.916
CONFIRMED,13.609878,0.1106,2.38,698.0,5484.0,0.92,0.98,330.916
CONFIRMED,13.60496,,2.69,,,0.919,,330.916
CONFIRMED,13.606629,,1.9,,5438.0,0.83,,330.916
CONFIRMED,1.742169,0.0289,1.35,1692.0,5977.0,1.19,1.06,446.821
CONFIRMED,1.742983,,1.25908622,,5982.0,1.109202,1.106611,446.821
CONFIRMED,7.8092052,,2.70889,1085.0,5906.9,1.22,,446.821
CONFIRMED,7.81110453,,,,5906.9,1.21722,1.07,446.821
CONFIRMED,7.807595,,2.62511304,,5982.0,1.109202,1.106611,446.821
CONFIRMED,7.810253,0.0785,2.83,1026.0,5977.0,1.19,1.06,446.821
CONFIRMED,7.809,,,,5906.9,1.21722,1.07,446.821
CONFIRMED,7.809757,,2.9,,,1.19,,446.821
CONFIRMED,7.80905,,2.79,,,1.181,,446.821
CONFIRMED,5.1763,,1.51234354,,5503.0,0.862285,0.927528,242.113
CONFIRMED,2.58819,,1.587,,,0.882,,242.113
CONFIRMED,2.588309,0.0361,1.52,1197.0,5519.0,0.87,0.94,242.113
CONFIRMED,2.58812,,1.403,1203.0,5442.0,0.879,0.85,242.113
CONFIRMED,6.67934,,2.48429818,,5503.0,0.862285,0.927528,242.113
CONFIRMED,6.67913,,2.58,,,0.882,,242.113
CONFIRMED,6.67773603,,,,5468.0,0.866405,0.956,242.113
CONFIRMED,6.67932,,2.31,877.0,5442.0,0.879,0.85,242.113
CONFIRMED,6.679195,0.068,2.5,872.0,5519.0,0.87,0.94,242.113
CONFIRMED,6.679,,,,5468.0,0.866405,0.956,242.113
CONFIRMED,6.679224,,2.6,,,0.88,,242.113
CONFIRMED,7.9194,,7.74,,5430.0,0.86,0.93,289.827
CONFIRMED,7.91952,0.0775,8.2,,5748.0,1.01,0.99,289.827
CONFIRMED,7.919454,,6.67,,,0.823,,289.827
CONFIRMED,7.91951,,,,5250.0,0.881,0.918,289.827
CONFIRMED,7.9222,,7.0,,5322.0,0.82,0.88,289.827
CONFIRMED,7.9177855286,,6.59307857,782.72,5322.0,0.840476,,289.827
CONFIRMED,7.91943,0.0735,7.11,913.0,5519.0,0.81,0.84,289.827
CONFIRMED,7.919454,0.077,7.23,,5230.0,0.88,0.89,289.827
CONFIRMED,7.921101,0.0762,7.46,,5390.0,0.913,0.949,289.827
CONFIRMED,7.9194,0.074,7.74,854.0,5430.0,0.86,0.93,289.827
CONFIRMED,7.920994,,7.34,,5345.0,0.914,0.902,289.827
CONFIRMED,7.9194979,,7.46,,5368.0,0.84,,289.827
CONFIRMED,7.919493,,6.751484,,5391.0,0.833805,0.895163,289.827
CONFIRMED,7.91952314,,,,5322.0,0.840476,0.92,289.827
CONFIRMED,7.920978,,,,5430.0,0.86,0.93,289.827
CONFIRMED,7.9222,,7.0,779.0,5322.0,0.82,0.88,289.827
CONFIRMED,11.90691,0.0965,4.31,797.0,5519.0,0.81,0.84,289.827
CONFIRMED,11.9066,,,,5250.0,0.881,0.918,289.827
CONFIRMED,23.81486,,4.1,,,0.823,,289.827
CONFIRMED,11.907625,,4.05161714,,5391.0,0.833805,0.895163,289.827
CONFIRMED,12.0028,,4.37,,5345.0,0.914,0.902,289.827
CONFIRMED,11.90715,0.0971,4.86,745.0,5430.0,0.86,0.93,289.827
CONFIRMED,11.8993,,4.1,,5322.0,0.82,0.88,289.827
CONFIRMED,11.90727,0.1001,4.51,,5390.0,0.913,0.949,289.827
CONFIRMED,11.90715,,4.86,,5430.0,0.86,0.93,289.827
CONFIRMED,11.90724,0.1017,4.93,,5748.0,1.01,0.99,289.827
CONFIRMED,11.90767,,4.43,,5368.0,0.84,,289.827
CONFIRMED,11.8993,,4.1,679.0,5322.0,0.82,0.88,289.827
CONFIRMED,11.90701,0.1032,4.21,,5230.0,0.88,0.89,289.827
CONFIRMED,2.50856,0.0344,1.14,1252.0,5430.0,0.86,0.93,289.827
CONFIRMED,2.50856,,1.14,,5430.0,0.86,0.93,289.827
CONFIRMED,2.508283,,1.15876577,,5391.0,0.833805,0.895163,289.827
CONFIRMED,2.5081,,1.11,1142.0,5322.0,0.82,0.88,289.827
CONFIRMED,2.5081,,1.11,,5322.0,0.82,0.88,289.827
CONFIRMED,2.5084894,,1.26,,5368.0,0.84,,289.827
CONFIRMED,2.50858,0.036,1.22,,5748.0,1.01,0.99,289.827
CONFIRMED,10.099,,,,5605.6,0.980624,0.991,160.679
CONFIRMED,10.1016,,0.91,,,1.0,,160.679
CONFIRMED,10.098858,,1.35673729,,5631.0,0.912206,0.904597,160.679
CONFIRMED,21.574023,,1.09308317,,5631.0,0.912206,0.904597,160.679
CONFIRMED,2.85794855,,,,5012.0,0.891502,0.832,287.188
CONFIRMED,2.858,,,,5012.0,0.891502,0.832,287.188
CONFIRMED,2.85847,,1.63,,,0.8988,,287.188
CONFIRMED,2.858646,,1.57889322,,5176.0,0.839696,0.900994,287.188
CONFIRMED,4.163221,,1.57477412,,5252.0,0.828268,0.872619,221.753
CONFIRMED,4.16328,,1.47,,,0.791,,221.753
CONFIRMED,4.162817,0.049,1.52,939.0,5222.0,0.81,0.9,221.753
CONFIRMED,4.163,,,,5163.0,0.825553,0.874,221.753
CONFIRMED,14.786747,,3.3,,,0.83,,411.923
CONFIRMED,14.787207,,4.01454158,,5623.0,0.95685,0.9943,411.923
CONFIRMED,14.786889,0.1184,3.95,739.0,5817.0,0.98,1.01,411.923
CONFIRMED,14.786,,,,5576.0,0.982083,0.984,411.923
CONFIRMED,14.78708,,4.18,,,1.0085,,411.923
CONFIRMED,39.699,,,,6212.0,1.31129,1.2,629.51
CONFIRMED,39.7268,,3.63,,,1.312,,629.51
CONFIRMED,39.721386,,3.64229858,,5979.0,1.281115,1.110086,629.51
CONFIRMED,15.852975,0.1208,3.13,720.0,5713.0,0.99,0.94,315.014
CONFIRMED,15.852989,,3.0,,,0.95,,315.014
CONFIRMED,15.85388,,3.29,,,0.948,,315.014
CONFIRMED,15.854,,,,5750.93,0.993569,1.03,315.014
CONFIRMED,15.853543,,2.94026258,,5712.0,0.906367,0.963364,315.014
CONFIRMED,28.4707,,2.68,,,0.948,,315.014
CONFIRMED,28.482786,,2.57581891,,5712.0,0.906367,0.963364,315.014
CONFIRMED,48.324222,,3.59970536,,6045.0,1.538801,1.162095,584.877
CONFIRMED,8.357881,0.0806,2.56,848.0,5667.0,0.93,1.0,247.637
CONFIRMED,8.357954,,2.5015294,,5675.0,0.910305,0.974836,247.637
CONFIRMED,8.357441,,2.5,,,0.96,,247.637
CONFIRMED,8.35470947,,,,5627.0,0.923,0.997,247.637
CONFIRMED,8.358,,,,5627.0,0.923,0.997,247.637
CONFIRMED,17.043,,,,5183.84,0.781501,0.879,110.567
CONFIRMED,17.043179,,4.11850271,,5262.0,0.778475,0.835734,110.567
CONFIRMED,17.0428683,,4.189,715.8,5212.9,0.757,0.799,110.567
CONFIRMED,17.04354,,4.28,,,0.801,,110.567
CONFIRMED,17.042849,,,,5262.0,0.778475,0.835734,110.567
CONFIRMED,3.3596055,,1.423,1229.9,5212.9,0.757,0.799,110.567
CONFIRMED,3.359,,,,5183.84,0.781501,0.879,110.567
CONFIRMED,7.4500372,,,,5262.0,0.778475,0.835734,110.567
CONFIRMED,7.4500177,,2.438,943.2,5212.9,0.757,0.799,110.567
CONFIRMED,7.45,,,,5183.84,0.781501,0.879,110.567
CONFIRMED,7.44976,,2.82,,,0.801,,110.567
CONFIRMED,3.225,,,,4550.0,0.701485,0.717,107.518
CONFIRMED,3.225338,0.0385,1.87,861.0,4648.0,0.68,0.73,107.518
CONFIRMED,3.2253993,0.0382,1.73,913.0,4491.0,0.682,0.711,107.518
CONFIRMED,3.225286,,1.74,842.0,4507.0,0.68,0.69,107.518
CONFIRMED,,,3.17053923,609.33,4550.0,0.701485,,107.518
CONFIRMED,3.225423,,1.88203097,,4681.0,0.667422,0.705681,107.518
CONFIRMED,3.225369,,1.593,,,0.582,,107.518
CONFIRMED,3.225349,,1.9,,,0.7,,107.518
CONFIRMED,7.374,,,,4550.0,0.701485,0.717,107.518
CONFIRMED,7.37442,,2.67,639.0,4507.0,0.68,0.69,107.518
CONFIRMED,7.374689,,3.0,,,0.7,,107.518
CONFIRMED,7.37426,,2.45,,,0.582,,107.518
CONFIRMED,7.3744828,,,,4681.0,0.667422,0.705681,107.518
CONFIRMED,7.3744897,0.0662,2.85,694.0,4491.0,0.682,0.711,107.518
CONFIRMED,7.374694,0.0668,2.78,653.0,4648.0,0.68,0.73,107.518
CONFIRMED,7.374497,,2.83685639,,4681.0,0.667422,0.705681,107.518
CONFIRMED,2.85009,,1.38,,,0.8,,184.131
CONFIRMED,2.849883,,1.3643987,,5233.0,0.791736,0.860208,184.131
CONFIRMED,2.85,,,,5017.84,0.807647,0.834,184.131
CONFIRMED,1.059806,,1.47,,,0.92,,197.932
CONFIRMED,1.05979,,1.40006712,,5507.0,0.878161,0.956055,197.932
CONFIRMED,22.779878,,3.28568401,,5507.0,0.878161,0.956055,197.932
CONFIRMED,22.7768,,3.39,,,0.92,,197.932
CONFIRMED,4700.0,4.11,,,,,0.574,5260.0
CONFIRMED,4700.0,4.16,,,,,0.584,5200.0
CONFIRMED,3.405087,,2.31,,,0.923,,300.397
CONFIRMED,3.405164,,2.30165603,,5491.0,0.910685,0.971461,300.397
CONFIRMED,9.6897,,1.37,,,0.776,,166.147
CONFIRMED,9.6952,0.0824,1.26549392,738.4,5026.0,0.765,0.793,166.147
CONFIRMED,9.695101,,1.37068602,,5000.0,0.762994,0.793531,166.147
CONFIRMED,7.05647,,2.76,,,1.09,,577.235
CONFIRMED,7.055908,0.0738,3.17214154,1148.0,5783.0,1.253,1.076,577.235
CONFIRMED,7.055784,,3.04584393,,5755.0,1.177665,1.009256,577.235
CONFIRMED,26.672263,,1.99552771,,5890.0,1.077574,0.951027,405.301
CONFIRMED,26.682,,2.209,,,1.197,,405.301
CONFIRMED,18.294549,,2.79522879,,5043.0,0.758046,0.789481,244.443
CONFIRMED,12.4904,,3.59,,,0.929,,363.064
CONFIRMED,12.48749,,2.60585269,,5522.0,0.928158,0.941851,363.064
CONFIRMED,4.19121,,1.75,,,0.889,,256.887
CONFIRMED,4.190948,,1.67866113,,5582.0,0.862368,0.925184,256.887
CONFIRMED,4.19097,0.04878,1.67462172,1122.0,5500.0,0.872,0.881,256.887
CONFIRMED,2.080615,,0.86850263,,4720.0,0.712365,0.74479,76.4986
CONFIRMED,9.325038,0.076,1.84,,4222.06,0.646783,0.676023,83.6448
CONFIRMED,9.32414,0.0731,1.59,500.0,4043.0,0.6,0.64,83.6448
CONFIRMED,9.32389,0.0699,1.25,,4006.0,0.46,0.523,83.6448
CONFIRMED,9.3251498,,1.89,,4024.0,0.6,,83.6448
CONFIRMED,9.32448,,1.7,,,0.576,,83.6448
CONFIRMED,15.50192,0.107,2.49,,4222.06,0.646783,0.676023,83.6448
CONFIRMED,15.50116,0.098,1.53,,4006.0,0.46,0.523,83.6448
CONFIRMED,15.5012,0.1026,1.92,420.0,4043.0,0.6,0.64,83.6448
CONFIRMED,15.50195,,2.17,,,0.576,,83.6448
CONFIRMED,15.4941223,,,,4047.0,0.654523,0.63,83.6448
CONFIRMED,15.504102,,2.29,,4024.0,0.6,,83.6448
CONFIRMED,0.570233,,0.81864346,,5396.0,0.85179,0.911717,176.51
CONFIRMED,0.57023,,0.86,,5500.0,0.89,,176.51
CONFIRMED,0.669532,,1.3,,5360.0,0.79,,272.297
CONFIRMED,0.669573,,1.44,,,0.839,,272.297
CONFIRMED,0.669561,0.01419,1.33162691,1873.0,5117.0,0.818,0.851,272.297
CONFIRMED,0.669558,,1.37466396,,5221.0,0.815727,0.881912,272.297
CONFIRMED,9.795647,,2.65,,4349.0,0.678,0.622,109.218
CONFIRMED,9.79546,,2.57,,,0.648,,109.218
CONFIRMED,9.79551,0.0785,2.52,542.0,4272.0,0.65,0.67,109.218
CONFIRMED,9.79565352601,,2.82375991,552.14,4147.0,0.706632,,109.218
CONFIRMED,9.7954,,2.39257704,,4349.0,0.598075,0.621928,109.218
CONFIRMED,9.795546,,2.6,,,0.67,,109.218
CONFIRMED,8.13087,,1.51398464,,5794.0,1.20424,1.069596,389.702
CONFIRMED,8.596724,,2.5,,,1.29,,300.64
CONFIRMED,8.59656,,2.51,1001.0,5875.0,1.236,1.03,300.64
CONFIRMED,8.59627,,2.6,,,1.251,,300.64
CONFIRMED,8.596531,,2.21567504,,5768.0,1.123168,1.022196,300.64
CONFIRMED,8.596802,0.0834,2.43,1006.0,5854.0,1.27,1.05,300.64
CONFIRMED,8.26947,,2.63,,,1.0807,,403.964
CONFIRMED,8.269648,,2.12381238,,5704.0,0.974398,0.999987,403.964
CONFIRMED,2.174789,,1.66,967.0,4495.0,0.699,0.72,115.461
CONFIRMED,2.174769,,1.7,,,0.71,,115.461
CONFIRMED,2.1748,0.028,1.75,1103.0,4503.0,0.72,0.7,115.461
CONFIRMED,2.174782,0.0298,1.63,992.0,4658.0,0.69,0.74,115.461
CONFIRMED,2.1747824,,1.79105,1013.0,4542.0,0.71,,115.461
CONFIRMED,2.174829,,1.63,,,0.638,,115.461
CONFIRMED,2.174789,,1.67844825,,4591.0,0.665648,0.699496,115.461
CONFIRMED,14.074524,,3.57854073,,5967.0,1.333718,1.102661,381.878
CONFIRMED,14.0721,,3.36,,,1.278,,381.878
CONFIRMED,8.679885,,2.56948149,,5757.0,1.008231,1.047488,394.083
CONFIRMED,8.68055,,2.79,,,1.102,,394.083
CONFIRMED,3.901287,,1.34762583,,5753.0,1.189232,1.021545,325.4
CONFIRMED,3.9009,,1.47,,,1.321,,325.4
CONFIRMED,6.6674,,1.66,,,1.321,,325.4
CONFIRMED,6.66767,,1.43839723,,5753.0,1.189232,1.021545,325.4
CONFIRMED,11.137278,,2.57634456,,5753.0,1.189232,1.021545,325.4
CONFIRMED,11.13878,,2.84,,,1.321,,325.4
CONFIRMED,0.381073,,2.3,,3879.0,0.58,,243.836
CONFIRMED,0.3810654,,5.4,,,0.64,,243.836
CONFIRMED,0.381087,,4.31,,3830.0,0.54,,243.836
CONFIRMED,0.38107852,,4.61,,3892.0,0.57,,243.836
CONFIRMED,1.143201,0.01604,3.0,,3865.0,0.382,0.421,243.836
CONFIRMED,0.381078,0.009,4.75,,3879.18,0.581569,0.595292,243.836
CONFIRMED,0.381078,0.0088,2.5,2100.0,3830.0,0.57,0.6,243.836
CONFIRMED,13.68275,,2.62,,,1.056,,233.514
CONFIRMED,13.682511,,2.21473364,,5599.0,0.929546,0.959636,233.514
CONFIRMED,13.683038,,2.3,,,0.99,,233.514
CONFIRMED,13.683256,0.1104,2.39,758.0,5660.0,1.02,0.96,233.514
CONFIRMED,13.68186,,2.37,761.0,5612.0,1.026,0.91,233.514
CONFIRMED,2.399094,,1.67890272,,5716.0,0.947599,1.010842,318.81
CONFIRMED,2.398982,,1.98,,,1.0711,,318.81
CONFIRMED,15.38857,0.1206,2.35,871.0,5942.0,1.115,0.989,101.321
CONFIRMED,15.388825,,2.22325951,,5934.0,1.040375,0.950497,101.321
CONFIRMED,15.387063,0.1211,2.39,801.0,6058.0,1.09,1.0,101.321
CONFIRMED,15.3886606556,,2.53826377,779.17,6101.0,1.0623,,101.321
CONFIRMED,15.386796,,2.1,,,0.96,,101.321
CONFIRMED,15.3863,,2.41,801.0,5961.0,1.093,0.92,101.321
CONFIRMED,0.50557,,0.90973766,,5859.0,1.013236,1.067005,198.604
CONFIRMED,0.50565,0.0127,0.89,2271.0,5835.0,0.99,1.06,198.604
CONFIRMED,0.50557,,0.89,,5859.0,1.0,,198.604
CONFIRMED,4.564169,,1.6195921,,5859.0,1.013236,1.067005,198.604
CONFIRMED,4.562546,,1.5,,5859.0,1.0,,198.604
CONFIRMED,4.56327,0.0549,1.57,1091.0,5835.0,0.99,1.06,198.604
CONFIRMED,4.478591,,1.66378993,,5614.0,0.839998,0.902181,275.255
CONFIRMED,4.47904,0.0516,1.56,1002.0,5620.0,0.84,0.91,275.255
CONFIRMED,10.09607,,2.5054075,,,,,275.255
CONFIRMED,10.09489,0.0886,2.41,764.0,5620.0,0.84,0.91,275.255
CONFIRMED,15.8723,0.1409,3.60929179,923.0,5520.0,1.7,1.482,357.778
CONFIRMED,15.871455,,2.66099554,,5733.0,1.209303,1.114596,357.778
CONFIRMED,15.87209,0.134,3.49,902.0,5742.0,1.7,1.27,357.778
CONFIRMED,3.271106,,1.48696454,,5397.0,0.82447,0.885981,211.265
CONFIRMED,3.27108,0.0413,1.54,1120.0,5424.0,0.91,0.88,211.265
CONFIRMED,3.27109,0.04095,1.53899305,1187.0,5288.0,0.889,0.856,211.265
CONFIRMED,13.621832,,1.66551298,,5673.0,0.890666,0.950811,187.234
CONFIRMED,2.698368,,1.38434336,,4764.0,0.699017,0.742115,129.46
CONFIRMED,2.69828,0.0338,1.21,914.0,4715.0,0.65,0.71,129.46
CONFIRMED,0.584249,0.012888,1.164,1960.0,5185.0,0.793,0.837,102.564
CONFIRMED,0.584216,,1.0,,5315.0,0.79,,102.564
CONFIRMED,0.58424,,1.2547759,,5231.0,0.801878,0.85791,102.564
CONFIRMED,0.58426,0.0131,1.14,1818.0,5315.0,0.79,0.87,102.564
CONFIRMED,0.584272,,1.26,1763.0,5163.0,0.774,0.84,102.564
CONFIRMED,0.584,,1.197,,5185.0,0.781,0.804,102.564
CONFIRMED,8.32727,0.0769,2.03,750.0,5315.0,0.79,0.87,102.564
CONFIRMED,8.3262,,2.04,727.0,5163.0,0.774,0.84,102.564
CONFIRMED,8.32834,0.07577,2.12,800.0,5185.0,0.793,0.837,102.564
CONFIRMED,8.32801,,2.16480482,,5231.0,0.801878,0.85791,102.564
CANDIDATE,31.0,,2.65,522.0,,,,102.564
CONFIRMED,2.86041,0.0409,1.96,1529.0,5945.0,1.39,1.11,540.773
CONFIRMED,2.860636,,1.93420564,,6002.0,1.181244,1.1312,540.773
CONFIRMED,13.84457,,2.79,,,1.0306,,321.215
CONFIRMED,13.841901,,2.5,,5695.0,0.95,1.01,321.215
CONFIRMED,11.168454,0.10356,11.209,1030.0,6154.0,1.161,1.188,130.72
CONFIRMED,11.168459,0.0991,11.859122,1001.0,5888.0,1.233,1.039,130.72
CONFIRMED,11.1684037,,12.77,1171.0,5981.0,1.22,,130.72
CONFIRMED,11.16844233,,,,6154.0,1.161,1.188,130.72
CONFIRMED,2.467583,0.03293,1.315,1127.0,4796.0,0.71,0.79,67.5062
CONFIRMED,2.4675,0.03308,1.343,1121.0,5033.0,0.71,0.79,67.5062
CONFIRMED,2.46746,0.03317,1.398,1040.0,4950.0,0.745,0.8,67.5062
CONFIRMED,7.06024,0.0664,1.272,794.0,4796.0,0.71,0.79,67.5062
CONFIRMED,7.06005,0.06666,1.281,790.0,5033.0,0.71,0.79,67.5062
CONFIRMED,7.06142,0.06687,1.335,728.0,4950.0,0.745,0.8,67.5062
CONFIRMED,24.3645,0.15224,2.358,523.0,5033.0,0.71,0.79,67.5062
CONFIRMED,24.3681,0.1516,2.363,525.0,4796.0,0.71,0.79,67.5062
CONFIRMED,24.3662,0.1527,2.64,482.0,4950.0,0.745,0.8,67.5062
CONFIRMED,24.36543,,,,4950.0,0.745,0.8,67.5062
CONFIRMED,2.18053435,,,,6257.0,1.43,1.28,314.995
CONFIRMED,2.1805577,,,,6099.0,1.38,1.23,314.995
CONFIRMED,2.18053332,0.03552,16.06246934,1759.0,6180.0,1.236,1.256,314.995
CONFIRMED,2.180533,,,,6257.0,1.43,1.28,314.995
CONFIRMED,2.1805338,,,,,,,314.995
CONFIRMED,2.1805577,0.0353,18.405178,1838.0,6099.0,1.38,1.23,314.995
CONFIRMED,2.18052771326,,16.80885305,1654.4,6599.0,1.27146,,314.995
CONFIRMED,2.18056,0.037,18.49485,1884.0,6257.0,1.43,1.28,314.995
CONFIRMED,2.18053539,0.03558,16.19697711,1828.0,6360.0,1.261,1.263,314.995
CONFIRMED,3.20466,0.046,14.5717,1587.0,5630.0,1.59,1.19,537.963
CONFIRMED,3.2046909,,,,5630.0,1.59,1.19,537.963
CONFIRMED,3.2047072,,,,5342.0,,,537.963
CONFIRMED,5.24,0.0441,1.1,502.0,3420.0,0.36,0.4,31.0849
CONFIRMED,7.775,0.0576,1.0,427.0,3420.0,0.36,0.4,31.0849
CONFIRMED,10.115,0.0685,1.1,399.0,3420.0,0.36,0.4,31.0849
CONFIRMED,20.885016,,5.25597181,,5744.0,1.068173,1.095122,170.562
CONFIRMED,20.885075,,4.05,,5071.0,0.77,,170.562
CONFIRMED,20.88977,,5.4,686.0,5625.0,1.16,1.07,170.562
CONFIRMED,20.88508,0.1542,5.83,709.0,5743.0,1.21,1.12,170.562
CONFIRMED,20.8851,0.154,5.68,767.0,5743.0,1.21,1.12,170.562
CONFIRMED,20.88506,,5.94,,,1.249,,170.562
CONFIRMED,20.8851,,5.68,,5743.0,1.21,1.12,170.562
CONFIRMED,20.88977,,5.4,,5625.0,1.16,1.07,170.562
CONFIRMED,20.88526,0.1577,7.07,,5717.0,1.51,1.2,170.562
CONFIRMED,42.3391,,7.5,542.0,5625.0,1.16,1.07,170.562
CONFIRMED,42.36301,0.2527,9.8,,5717.0,1.51,1.2,170.562
CONFIRMED,42.3633,,7.82,,5743.0,1.21,1.12,170.562
CONFIRMED,42.3633,0.247,7.82,606.0,5743.0,1.21,1.12,170.562
CONFIRMED,42.363493,,5.59,,5071.0,0.77,,170.562
CONFIRMED,42.363982,,7.1178989,,5744.0,1.068173,1.095122,170.562
CONFIRMED,,,8.24,,,1.249,,170.562
CONFIRMED,42.3391,,7.5,,5625.0,1.16,1.07,170.562
CONFIRMED,42.36342,0.2471,8.1,560.0,5743.0,1.21,1.12,170.562
CONFIRMED,6.034,0.0513,2.0,586.0,3810.0,0.54,0.58,72.9105
CONFIRMED,20.523,0.1159,1.8,389.0,3810.0,0.54,0.58,72.9105
CONFIRMED,26.8199,0.1567,2.55,507.0,5262.0,0.75,0.71,149.464
CONFIRMED,6.51389,0.0494,2.54,416.0,3459.0,0.37,0.38,109.237
CONFIRMED,11.54182,0.1087,2.17,1035.0,6570.0,1.39,1.29,266.864
CONFIRMED,24.94598,0.1817,2.01,801.0,6570.0,1.39,1.29,266.864
CONFIRMED,21.06884,0.1418,1.75,638.0,5677.0,0.92,0.86,212.902
CONFIRMED,21.070201,,1.65007129,,5728.0,0.890903,,212.902
CONFIRMED,11.89307,0.0959,4.34,923.0,5793.0,1.25,0.83,456.064
CONFIRMED,11.89376,,2.67,769.0,5942.0,0.956,0.88,456.064
CONFIRMED,5.76918,0.0602,3.49,977.0,5610.0,0.94,0.87,703.616
CONFIRMED,2.25021,0.0304,2.12,979.0,4667.0,0.69,0.74,258.113
CONFIRMED,6.49424,0.0615,2.19,688.0,4667.0,0.69,0.74,258.113
CONFIRMED,7.17256,0.0699,2.57,886.0,5528.0,0.92,0.88,406.254
CONFIRMED,12.409,0.1151,2.79,1061.0,6504.0,1.57,1.32,521.716
CONFIRMED,3.4845627,,,,3180.0,0.295,0.294,44.9565
CONFIRMED,3.48456408,0.0287,3.44,494.0,3207.0,0.2932,0.2634,44.9565
CONFIRMED,3.484552,,3.43,,3180.0,0.295,0.294,44.9565
CONFIRMED,3.4843,,,,3204.0,0.290216,0.265494,44.9565
CONFIRMED,3.48455432425,,4.20831932,447.81,3204.0,0.290216,,44.9565
CONFIRMED,3.48456248,,,,3180.0,0.295,0.294,44.9565
CONFIRMED,4.01457,0.0459,2.44,958.0,5172.0,0.81,0.8,414.708
CONFIRMED,4.01392,0.04606,2.71257333,1003.0,5003.0,0.797,0.809,414.708
CONFIRMED,9.30075,0.0694,2.35,437.0,3717.0,0.49,0.52,147.03
CONFIRMED,13.81513,0.1041,1.74,639.0,5152.0,0.82,0.79,228.839
CONFIRMED,4.00167,0.0506,12.67,1238.0,6027.0,1.1,1.08,876.565
CONFIRMED,4.00357732994,,12.96278785,1115.41,5318.0,1.08492,,876.565
CONFIRMED,4.09639,0.0448,1.63,791.0,4629.0,0.67,0.71,227.775
CONFIRMED,12.11839,0.0923,2.19,551.0,4629.0,0.67,0.71,227.775
CONFIRMED,1.96417,0.0274,2.9,1034.0,4676.0,0.69,0.71,191.608
REFUTED,5.52011,0.0578,2.63,845.0,5219.0,0.78,0.84,564.693
CONFIRMED,1.60588,0.0216,0.83,789.0,3725.0,0.5,0.52,64.0065
CONFIRMED,19.0921,0.149,3.0,831.0,6351.0,1.31,1.21,661.873
CONFIRMED,15.48043,0.1271,2.32,795.0,6059.0,1.13,1.14,416.457
CONFIRMED,15.482399,,2.09663798,,5928.0,1.077775,,416.457
CONFIRMED,,,3.55068952,104.26,3683.0,0.515263,,99.0504
CONFIRMED,14.567025,,2.79,,3731.0,0.51,,99.0504
CONFIRMED,14.5662,0.0945,2.58,,3769.0,0.51,0.53,99.0504
CONFIRMED,14.568101,,2.47,,,0.52,,99.0504
CONFIRMED,14.56594,,,,3683.0,0.515263,0.512936,99.0504
CONFIRMED,14.5665,0.0962,2.67,430.0,3785.0,0.52,0.56,99.0504
CONFIRMED,2.62669768,,,,6367.0,1.69,1.39,663.834
CONFIRMED,2.6266974,,,,6367.0,1.69,1.39,663.834
CONFIRMED,2.6266658,,,,6367.0,1.69,1.39,663.834
CONFIRMED,2.6266983,,18.7969,1973.0,6475.0,1.77,,663.834
CONFIRMED,2.62669762,0.04392,18.41635529,2090.0,6860.0,1.755,1.637,663.834
CONFIRMED,2.6266657,0.0404,17.396368,1957.0,6367.0,1.69,1.39,663.834
CONFIRMED,11.63344,,9.52763359,,5537.0,1.669,1.105,213.283
CONFIRMED,11.63395,,10.32,973.0,5478.0,1.679,1.09,213.283
CONFIRMED,11.63345,,,,5537.0,1.65,1.1,213.283
CONFIRMED,11.6334758,,,,5537.0,1.65,1.1,213.283
CONFIRMED,11.63344,0.102,9.52765,1080.0,5537.0,1.65,1.1,213.283
CONFIRMED,11.633478,0.1087,9.50521563,1030.0,5503.0,1.641,1.266,213.283
CONFIRMED,11.633478,0.1034,9.52763359,1046.0,5445.0,1.642,1.09,213.283
CONFIRMED,11.6332127,,10.264,935.0,5287.7,1.73,,213.283
CONFIRMED,11.6334681,0.1086,9.26982704,1036.0,5490.0,1.663,1.107,213.283
CONFIRMED,11.633482,,,,,,,213.283
CONFIRMED,50.818947,0.2573,2.41,470.0,5368.0,0.85,0.88,162.481
CONFIRMED,50.8213,,2.18,,,0.879,,162.481
CONFIRMED,50.819331,,2.16538589,,5410.0,0.837459,,162.481
CONFIRMED,50.818947,0.2573,2.41,470.0,5368.0,0.85,0.88,162.481
CONFIRMED,5.83977,,2.27,489.0,3580.0,0.473,0.471,185.605
CONFIRMED,5.840002,0.05023,2.231,496.0,3660.0,0.473,0.496,185.605
CONFIRMED,19.66365,,2.77,326.0,3580.0,0.473,0.471,185.605
CONFIRMED,19.660302,0.11283,2.668,331.0,3660.0,0.473,0.496,185.605
CONFIRMED,2.36906,,1.676,1257.0,5435.0,0.924,0.9,138.671
CONFIRMED,2.369019,,1.67,,,0.914,,138.671
CONFIRMED,2.369172,0.03376,1.71,,5477.0,0.977,0.915,138.671
CONFIRMED,2.369193,,1.62,,5481.0,0.91,,138.671
CONFIRMED,2.36840828,,,,5394.0,0.930331,0.94,138.671
CONFIRMED,2.3690438,,1.63,,5261.0,0.81,,138.671
CONFIRMED,2.369008,,1.66165565,,5509.0,0.889069,,138.671
CONFIRMED,2.36902,0.03359,1.70824866,1366.0,5420.0,0.92,0.901,138.671
CONFIRMED,0.658524,0.01306,3.3,1515.0,4285.0,0.703,0.686,77.5586
CONFIRMED,7.814,0.0679,0.705,664.5,4285.0,0.703,0.686,77.5586
CONFIRMED,14.697,0.1035,2.93,538.3,4285.0,0.703,0.686,77.5586
CONFIRMED,14.69808003166,,3.17788403,512.94,4362.0,0.733789,,77.5586
CONFIRMED,14.6982,,,,4285.0,0.703,0.686,77.5586
CONFIRMED,19.482,0.1249,2.73,490.1,4285.0,0.703,0.686,77.5586
CONFIRMED,19.48348329613,,3.54834332,466.95,4362.0,0.733789,,77.5586
CONFIRMED,2.151676,,1.5,1136.0,5106.0,0.78,0.84,327.783
CONFIRMED,2.151894,0.0308,1.41,1121.0,5068.0,0.78,0.84,327.783
CONFIRMED,2.15228,,1.61,,,0.773,,327.783
CONFIRMED,9.3261,,3.1,,,0.78,,327.783
CONFIRMED,9.32705,,3.63,,,0.773,,327.783
CONFIRMED,9.327527,,2.69,696.0,5106.0,0.78,0.84,327.783
CONFIRMED,9.325429,,2.14,,,0.713,,327.783
CONFIRMED,9.325,,,,5035.99,0.801255,0.839,327.783
CONFIRMED,9.33155684,,,,5035.99,0.801255,0.839,327.783
CONFIRMED,9.326841,0.0819,2.69,688.0,5068.0,0.78,0.84,327.783
CONFIRMED,4.52905,,1.85,,,0.773,,327.783
CONFIRMED,4.528598,,1.49,888.0,5106.0,0.78,0.84,327.783
CONFIRMED,6.13174,,1.72,,,0.773,,327.783
CONFIRMED,6.131243,,1.33,801.0,5106.0,0.78,0.84,327.783
CONFIRMED,26.27057,,2.23,492.0,5106.0,0.78,0.84,327.783
CONFIRMED,26.2678,,2.6,,,0.773,,327.783
CONFIRMED,4.144,,,,6177.44,1.49612,1.18,360.76
CONFIRMED,4.144965,0.0531,1.57,1429.0,6209.0,1.45,1.16,360.76
CONFIRMED,4.145398,,1.1956395,,6035.0,1.309274,,360.76
CONFIRMED,4.144937,,1.4,,,1.28,,360.76
CONFIRMED,6.771315,0.0703,5.36,,5797.0,1.03,1.01,249.645
CONFIRMED,6.77131,,5.77,991.0,5422.0,0.88,,249.645
CONFIRMED,6.771347,,4.74,836.0,5246.0,0.876,0.88,249.645
CONFIRMED,6.771315,0.06702,4.48,902.0,5248.0,0.885,0.866,249.645
CONFIRMED,6.77093147,,,,5231.0,0.89254,0.89,249.645
CONFIRMED,6.77145,,4.45,,5320.0,0.85,0.89,249.645
CONFIRMED,6.771389,,4.58049508,,5368.0,0.855055,0.92012,249.645
CONFIRMED,6.7713411,,5.07965,965.0,5231.0,0.89,,249.645
CONFIRMED,6.771375,,5.05,,,0.932,,249.645
CONFIRMED,6.7714021,,4.68,,5247.0,0.81,,249.645
CONFIRMED,1.543452,,1.3,,,0.735,,280.518
CONFIRMED,1.543069,0.0247,1.38,1203.0,4877.0,0.77,0.85,280.518
CONFIRMED,1.543041,,1.5,,,0.82,,280.518
CONFIRMED,4.399739,,3.01,,,0.735,,280.518
CONFIRMED,4.400037,,3.3,,,0.82,,280.518
CONFIRMED,4.39883617,,,,4712.91,0.826001,0.754,280.518
CONFIRMED,4.4,,,,4712.91,0.826001,0.754,280.518
CONFIRMED,4.400028,0.0497,2.95,848.0,4877.0,0.77,0.85,280.518
CONFIRMED,4.399871,,2.8,,4810.0,0.772,,280.518
CONFIRMED,8.56222,,6.89,,,0.928,,564.454
CONFIRMED,8.56232889439,,6.92239107,867.44,5545.3,1.02304,,564.454
CONFIRMED,8.562421,0.077,7.28,893.0,5644.0,0.99,0.83,564.454
CONFIRMED,8.56394776,,,,5545.28,1.02304,0.98,564.454
CONFIRMED,8.562,,,,5545.28,1.02304,0.98,564.454
CONFIRMED,8.562405,,6.0,,,0.83,,564.454
CONFIRMED,14.454034,,3.2,,5490.0,0.802,,423.065
CONFIRMED,14.453533,0.1081,2.91,655.0,5419.0,0.81,0.81,423.065
CONFIRMED,14.45182127,,,,5363.56,0.817851,0.93,423.065
CONFIRMED,14.452,,,,5363.56,0.817851,0.93,423.065
CONFIRMED,14.4536756,0.1007,3.13,747.0,5397.0,0.83,0.86,423.065
CONFIRMED,14.453513,,2.7,,,0.74,,423.065
CONFIRMED,14.45107,,2.96,,,0.802,,423.065
CONFIRMED,11.71571445,,,,5051.83,0.86968,0.843,308.105
CONFIRMED,11.72,,,,5051.83,0.86968,0.843,308.105
CONFIRMED,11.722228,,2.7,,,0.799,,308.105
CONFIRMED,11.722103,,2.8,,5170.0,0.838,,308.105
CONFIRMED,11.7195663,0.0729,3.05,849.0,5161.0,0.85,0.89,308.105
CONFIRMED,11.716332,0.0974,4.42,672.0,5200.0,0.84,0.9,308.105
CONFIRMED,11.71885,,3.34,,,0.872,,308.105
CONFIRMED,11.716603,,4.2,,,0.86,,308.105
CONFIRMED,14.130142,,2.41,,,0.794,,228.327
CONFIRMED,14.133427,,2.32120418,,5098.0,0.747608,,228.327
CONFIRMED,14.1330314,0.0964,2.08,655.0,5044.0,0.7,0.79,228.327
CONFIRMED,14.13168,,2.18,,,0.7209,,228.327
CONFIRMED,14.11544241,,,,5024.37,0.734473,0.84,228.327
CONFIRMED,14.129714,0.1064,2.2,589.0,5065.0,0.74,0.81,228.327
CONFIRMED,14.129,,,,5024.37,0.734473,0.84,228.327
CONFIRMED,14.130184,,2.2,,,0.74,,228.327
CONFIRMED,3.280961,0.04,2.24,905.0,4812.0,0.73,0.79,123.438
CONFIRMED,3.28046294,,,,4783.55,0.735345,0.772,123.438
CONFIRMED,3.28102986099,,2.50448263,908.85,4783.6,0.735345,,123.438
CONFIRMED,3.280948,,2.26,,,0.704,,123.438
CONFIRMED,3.2809626,0.0277,2.34,1166.0,4841.0,0.69,0.77,123.438
CONFIRMED,3.280926,,2.3,,,0.75,,123.438
CONFIRMED,3.280858,,2.128688,,4822.0,0.727072,,123.438
CONFIRMED,3.281,,,,4783.55,0.735345,0.772,123.438
CONFIRMED,8.4388385,0.0881,2.21,653.0,4841.0,0.69,0.77,123.438
CONFIRMED,8.43903,,2.51,,,0.704,,123.438
CONFIRMED,8.438756,0.075,2.34,660.0,4812.0,0.73,0.79,123.438
CONFIRMED,8.438,,,,4783.55,0.735345,0.772,123.438
CONFIRMED,8.43889970961,,3.01612551,663.34,4783.6,0.735345,,123.438
CONFIRMED,8.438635,,2.5,,,0.75,,123.438
CONFIRMED,18.718269,0.1291,3.77,583.0,5139.0,0.85,0.82,488.152
CONFIRMED,18.717631,,3.2,,,0.77,,488.152
CONFIRMED,18.7132,,3.63,,,0.816,,488.152
CONFIRMED,18.711,,,,4843.0,0.890703,0.79,488.152
CONFIRMED,6.32668003682,,2.29015537,953.97,5673.0,0.975383,,113.123
CONFIRMED,6.32677,,2.23,953.0,5705.0,0.952,0.98,113.123
CONFIRMED,6.326768,0.0664,2.18575124,1049.0,5680.0,0.973,0.974,113.123
CONFIRMED,6.327,,,,5673.0,0.975383,1.008,113.123
CONFIRMED,6.326796,,2.2,,,1.01,,113.123
CONFIRMED,6.326674,,2.12171156,,5733.0,0.946965,,113.123
CONFIRMED,6.326763,0.0675,2.07,958.0,5741.0,0.97,1.02,113.123
CONFIRMED,6.3297696,,,,5673.0,0.975383,1.008,113.123
CONFIRMED,6.32669,,2.16,,,0.974,,113.123
CONFIRMED,3.33253,,3.63,,,1.766,,786.439
CONFIRMED,3.335115,,1.6,,,0.9,,786.439
CONFIRMED,3.334966,0.0488,2.98,1711.0,6747.0,1.61,1.4,786.439
CONFIRMED,3.333,,,,5557.0,1.70729,0.98,786.439
CONFIRMED,7.122605,0.067,1.21,879.0,5558.0,0.86,0.79,182.983
CONFIRMED,7.12471,,1.244,,,0.857,,182.983
CONFIRMED,7.125,,,,5425.98,0.894218,0.945,182.983
CONFIRMED,7.122297,,1.0,,,0.76,,182.983
CONFIRMED,2.260435,0.02,2.3,,3292.75,0.279867,0.201355,62.9969
CONFIRMED,2.260455,0.0214,2.32,568.0,3214.0,0.288,0.257,62.9969
CONFIRMED,2.2604455,0.0192,2.56,420.0,3214.0,0.288,0.257,62.9969
CONFIRMED,2.2604439,,1.6,,2997.0,0.18,,62.9969
CONFIRMED,2.260404,,1.52,,,0.184,,62.9969
CONFIRMED,2.260438,0.0187,2.45,590.0,3290.0,0.28,0.201,62.9969
CONFIRMED,2.26026548696,,2.72623736,547.94,3236.0,0.341024,,62.9969
CONFIRMED,19.89526,0.1461,7.5,787.0,5500.0,1.28,1.03,391.537
CONFIRMED,19.895202,0.1488,7.67,744.0,5742.0,1.28,1.11,391.537
CONFIRMED,19.894641,,5.55493874,,5767.0,1.06414,,391.537
CONFIRMED,19.895,,7.46,736.0,5741.0,1.279,1.17,391.537
CONFIRMED,19.895268,,8.5,,,1.45,,391.537
CONFIRMED,19.89531,,8.01,,,1.367,,391.537
CONFIRMED,8.687708,,8.1,,,0.75,,458.139
CONFIRMED,8.687812,,7.36,,,0.664,,458.139
CONFIRMED,8.687721,0.0773,8.18,665.0,4812.0,0.76,0.82,458.139
CONFIRMED,4.169746,,2.7,,,0.93,,496.289
CONFIRMED,4.169836,0.0499,2.82,1057.0,5523.0,0.94,0.95,496.289
CONFIRMED,4.17032,,3.19,,,1.013,,496.289
CONFIRMED,4.169783,,2.5,,5499.0,1.0,,496.289
CONFIRMED,1.921111,,3.23,,,0.709,,402.915
CONFIRMED,1.921036,0.0291,3.52,1186.0,5060.0,0.82,0.89,402.915
CONFIRMED,1.921076,,3.8,,,0.86,,402.915
CONFIRMED,4.795069,0.04771,2.78,653.0,4140.0,0.607,0.63,107.272
CONFIRMED,4.7948599,,,,4140.0,0.607,0.63,107.272
CONFIRMED,4.7948642,,3.3985,919.0,4072.0,0.65,,107.272
CONFIRMED,3.471745,0.03817,2.59,1088.9,4975.0,0.787,0.83,154.961
CONFIRMED,3.4715644,,2.65245,1163.0,5144.5,0.77,,154.961
CONFIRMED,7.1385672,,3.60516,787.0,5144.5,0.77,,154.961
CONFIRMED,7.138048,0.0824,3.53,741.4,4975.0,0.787,0.83,154.961
CONFIRMED,10.45582,0.1178,2.48,619.9,4975.0,0.787,0.83,154.961
CONFIRMED,14.76289,0.18041,1.95,500.9,4975.0,0.787,0.83,154.961
CONFIRMED,27.359,0.1768,2.1,347.0,3926.0,0.62,0.64,76.1486
CONFIRMED,14.893291,0.1206,9.494023,804.0,5695.0,1.07,1.056,158.335
CONFIRMED,14.89329,,9.33708092,,5695.0,1.07,1.06,158.335
CONFIRMED,31.3888,,1.25,,,0.312,,65.6138
CONFIRMED,31.393463,0.164,1.9,226.36,3341.0,0.32,0.33,65.6138
CONFIRMED,13.15628,,3.2,,3809.0,0.38,,274.3
CONFIRMED,13.15727,,10.83,,,1.24,,274.3
CONFIRMED,13.156974,,5.19,,3816.0,0.54,,274.3
CONFIRMED,13.156969,0.107,9.1,753.0,5529.0,1.025,0.953,274.3
CONFIRMED,3.258824,,12.05607716,,5392.0,0.857501,0.923184,178.475
CONFIRMED,3.2589263,0.04097,11.209,1076.0,5222.0,0.748,0.864,178.475
CONFIRMED,3.25883406,,,,5358.0,0.86,0.94,178.475
CONFIRMED,3.25883164155,,12.87148683,1047.39,5387.06,0.817114,,178.475
CONFIRMED,3.2591993,,,,5387.06,0.817114,0.935,178.475
CONFIRMED,3.2588315,,,,5358.0,0.86,0.94,178.475
CONFIRMED,3.2588321,0.04217,13.33871,1171.0,5358.0,0.86,0.94,178.475
CONFIRMED,3.258813,,11.38,,,0.807,,178.475
CONFIRMED,3.258768,0.04214,11.42,,5323.0,0.85,0.94,178.475
CONFIRMED,,,,,,,,272.909
CONFIRMED,9.21165,0.0923,3.06,1230.0,6302.0,1.511,1.194,272.909
CONFIRMED,48.36685,0.305,11.276254,676.0,6302.0,1.511,1.194,272.909
CONFIRMED,,,,,,,,272.909
CONFIRMED,2.225177,0.03261,1.589,,5520.0,0.899,0.934,90.0562
CONFIRMED,2.2251639,,1.50436,1203.0,5509.0,0.92,,90.0562
CONFIRMED,2.225,,1.582,,5520.0,0.904,0.926,90.0562
CONFIRMED,2.225177,,1.589,1278.0,5520.0,0.934,0.934,90.0562
CONFIRMED,16.9841,0.13,2.63,795.0,5725.0,1.09,1.0,114.293
CONFIRMED,13.1225,,2.45,750.0,5532.0,0.947,0.958,392.251
CONFIRMED,2.50387,,1.66,1425.0,5612.0,1.2,0.987,373.078
CONFIRMED,4.0248883,,9.56,,,0.665,,232.801
CONFIRMED,4.02488968,,,,4444.0,0.7,0.74,232.801
CONFIRMED,4.024881,,10.3,,,0.73,,232.801
CONFIRMED,4.0248735,,11.6786,876.0,4492.0,0.75,,232.801
CONFIRMED,4.024867,0.0451,10.054473,852.0,4444.0,0.7,0.74,232.801
CONFIRMED,10.054544,,2.08,,,0.561,,44.0727
CONFIRMED,10.05460031054,,2.11286662,470.17,3920.0,0.550856,,44.0727
CONFIRMED,10.05429,0.0775,2.078,,,0.553,0.612,44.0727
CONFIRMED,10.05448,0.074,1.98,504.0,3951.0,0.52,0.53,44.0727
CONFIRMED,10.05449,0.0769,2.18,463.0,3896.0,0.56,0.6,44.0727
CONFIRMED,10.05467,,1.45,,,0.371,,44.0727
CONFIRMED,10.054626,,2.14,463.0,3896.0,0.561,0.601,44.0727
CONFIRMED,10.05403,0.0769,2.14,,3896.0,0.561,0.601,44.0727
CONFIRMED,10.054374,,2.4,,3927.0,0.58,,44.0727
CONFIRMED,10.054626,,,,3896.0,0.561,0.601,44.0727
CONFIRMED,10.054626,0.0778,2.25,513.0,3835.0,0.6,0.62,44.0727
CONFIRMED,10.05403,,2.14,,3896.0,0.561,0.601,44.0727
CONFIRMED,10.0546535,0.0747,2.078,501.3,3844.0,0.546,0.549,44.0727
CONFIRMED,10.05443,0.0679,1.44,,3841.0,0.371,0.414,44.0727
CONFIRMED,10.05454,0.0777,2.29,,3835.0,0.6,0.62,44.0727
CONFIRMED,10.05176778,,,,3920.0,0.550856,0.546024,44.0727
CONFIRMED,24.6435,0.1235,1.18,,3841.0,0.371,0.414,44.0727
CONFIRMED,24.64671,,1.18,,,0.371,,44.0727
CONFIRMED,24.646729,0.1357,1.582,371.8,3844.0,0.546,0.549,44.0727
CONFIRMED,24.646582,0.1414,1.69,381.0,3835.0,0.6,0.62,44.0727
CONFIRMED,24.64638,0.1413,1.77,,3835.0,0.6,0.62,44.0727
CONFIRMED,24.646582,,,,3896.0,0.561,0.601,44.0727
CONFIRMED,24.646582,,1.72,344.0,3896.0,0.561,0.601,44.0727
CONFIRMED,24.6454,,1.72,,3896.0,0.561,0.601,44.0727
CONFIRMED,24.6454,0.1399,1.72,,3896.0,0.561,0.601,44.0727
CONFIRMED,24.64638,,1.69,,,0.561,,44.0727
CONFIRMED,24.64745,0.1345,1.56,374.0,3951.0,0.52,0.53,44.0727
CONFIRMED,24.645013,,1.9,,3927.0,0.58,,44.0727
CONFIRMED,24.6491,0.1405,1.644,,,0.553,0.612,44.0727
CONFIRMED,24.64354,0.1399,1.85,344.0,3896.0,0.56,0.6,44.0727
CONFIRMED,44.55603,0.2014,1.458,305.2,3844.0,0.546,0.549,44.0727
CONFIRMED,44.56115,,1.7,,3927.0,0.58,,44.0727
CONFIRMED,44.55612,,,,3920.0,0.550856,0.546024,44.0727
CONFIRMED,44.55765,,1.61,300.0,,0.561,,44.0727
CONFIRMED,44.5574,,1.11,,,0.371,,44.0727
CONFIRMED,44.556456,0.2097,1.62,312.0,3835.0,0.6,0.62,44.0727
CONFIRMED,44.5631,,1.52,,3896.0,0.561,0.601,44.0727
CONFIRMED,44.55646,,,,3896.0,0.561,0.601,44.0727
CONFIRMED,44.556456,,1.52,282.0,3896.0,0.561,0.601,44.0727
CONFIRMED,44.55983,0.2076,1.51,282.0,3896.0,0.56,0.6,44.0727
CONFIRMED,44.5631,0.2076,1.52,,3896.0,0.561,0.601,44.0727
CONFIRMED,44.5609,0.1833,0.96,,3841.0,0.371,0.414,44.0727
CONFIRMED,44.5705,0.2086,1.53,,,0.553,0.612,44.0727
CONFIRMED,44.55764,0.2097,1.65,,3835.0,0.6,0.62,44.0727
CONFIRMED,4.09847804,,,,5425.0,0.844,0.9,333.042
CONFIRMED,4.098506,0.0489,12.3,,5567.0,0.92,0.93,333.042
CONFIRMED,4.09847409321,,14.83669218,1078.61,5198.0,1.06395,,333.042
CONFIRMED,4.098492,,12.65164357,,5574.0,0.909346,0.969658,333.042
CONFIRMED,4.09803132,,,,5198.0,1.06395,0.883,333.042
CONFIRMED,4.09849,0.0419,11.982421,1203.0,5575.0,0.839,0.917,333.042
CONFIRMED,4.098507,0.04986,13.405964,1185.0,5581.0,0.941,0.984,333.042
CONFIRMED,4.0984897,,13.14,,,0.921,,333.042
CONFIRMED,4.0984791,,,,5425.0,0.844,0.9,333.042
CONFIRMED,4.098503,0.04839,11.646151,1092.0,5425.0,0.844,0.9,333.042
CONFIRMED,3.38631713618,,,1213.76,5780.0,,,1314.53
CONFIRMED,3.38628,,9.916,,6100.0,1.24,1.09,1314.53
CONFIRMED,1.25785,,,,5412.0,0.986,1.0,110.527
CONFIRMED,1.2578542,0.02258,34.0,,5465.0,0.9,0.97,110.527
CONFIRMED,1.25785,0.022,11.88154,,5280.0,0.78,0.91,110.527
CONFIRMED,1.25784906,,46.0,1688.0,5340.0,1.138,0.92,110.527
CONFIRMED,1.2578332,,,,5340.0,1.02904,0.922,110.527
CONFIRMED,1.25784887,,,,5280.0,0.78,0.91,110.527
CONFIRMED,1.2578493,,7.0,,5251.0,0.81,,110.527
CONFIRMED,1.25781300511,,12.57069193,1603.98,5340.0,1.02904,,110.527
CONFIRMED,921.2,1.961,,,5959.0,1.22,1.18,109.86
CONFIRMED,3.1443189,,0.95,460.0,3300.0,0.196,0.174,56.9686
CONFIRMED,1.133,0.0147,1.33,841.0,3436.0,0.379,0.408,112.486
CONFIRMED,5.26,0.0582,1.83,423.0,3436.0,0.379,0.408,112.486
CONFIRMED,6.22,0.0542,2.93,432.0,3387.0,0.379,0.403,176.291
CONFIRMED,7.01,0.0911,1.66,456.0,3851.0,0.552,0.561,147.866
CONFIRMED,26.68,0.1516,2.79,641.0,5440.0,0.898,0.954,209.071
CONFIRMED,8.99002105,,,,5274.0,0.851795,0.904,157.682
CONFIRMED,8.9919156,,4.79,,4686.0,0.72,,157.682
CONFIRMED,8.991942,,5.17103245,,5415.0,0.839164,0.915819,157.682
CONFIRMED,8.99218,,5.38,,5315.0,0.87,0.87,157.682
CONFIRMED,8.99213,0.0811,5.62,,5428.0,0.92,0.88,157.682
CONFIRMED,8.991828,0.08035,4.96,,,0.845,0.856,157.682
CONFIRMED,8.992,0.0795,5.299,837.0,5271.0,0.86,0.83,157.682
CONFIRMED,17.97586029496,,4.78034841,595.87,5274.0,0.851795,,157.682
CONFIRMED,8.992018,,4.92,,,0.757,,157.682
CONFIRMED,8.99218,0.0808,5.38,769.0,5315.0,0.87,0.87,157.682
CONFIRMED,8.99213,0.08036,5.13,817.0,5275.0,0.845,0.856,157.682
CONFIRMED,8.99196,,5.038,761.0,5274.0,0.855,0.84,157.682
CONFIRMED,20.65614,0.1407,3.48,583.0,5315.0,0.87,0.87,157.682
CONFIRMED,20.66186,0.1399,2.74,,,0.845,0.856,157.682
CONFIRMED,20.66093,,3.01,577.0,5274.0,0.855,0.84,157.682
CONFIRMED,20.6602,0.1412,3.32,,5428.0,0.92,0.88,157.682
CONFIRMED,20.65614,,3.48,,5315.0,0.87,0.87,157.682
CONFIRMED,20.660987,,2.88,,4686.0,0.72,,157.682
CONFIRMED,20.6602,0.1399,3.01,619.0,5275.0,0.845,0.856,157.682
CONFIRMED,20.66093,0.13843,3.134,634.0,5271.0,0.86,0.83,157.682
CONFIRMED,20.66178,,2.73,,,0.757,,157.682
CONFIRMED,20.661623,,3.11517954,,5415.0,0.839164,0.915819,157.682
CONFIRMED,31.71701,0.18422,3.484,550.0,5271.0,0.86,0.83,157.682
CONFIRMED,31.715868,,3.13,,4686.0,0.72,,157.682
CONFIRMED,31.7154,0.1879,3.77,,5428.0,0.92,0.88,157.682
CONFIRMED,31.7236,,3.14,,,0.757,,157.682
CONFIRMED,31.7142,0.1862,3.27,,,0.845,0.856,157.682
CONFIRMED,31.71922,0.1873,3.75,505.0,5315.0,0.87,0.87,157.682
CONFIRMED,31.7169,,3.33,500.0,5274.0,0.855,0.84,157.682
CONFIRMED,31.7154,0.1862,3.43,537.0,5275.0,0.845,0.856,157.682
CONFIRMED,31.71922,,3.75,,5315.0,0.87,0.87,157.682
CONFIRMED,31.715061,,3.41411198,,5415.0,0.839164,0.915819,157.682
CONFIRMED,4.34882,0.04951,1.01,,,0.845,0.856,157.682
CONFIRMED,4.3491,,2.2,,,0.757,,157.682
CONFIRMED,4.34934,0.04899,1.212,1066.0,5271.0,0.86,0.83,157.682
CONFIRMED,1.995,0.0142,2.62,698.0,3157.0,0.3,0.117,108.74
CONFIRMED,2.298,0.041,1.95,701.0,3855.0,0.583,0.599,77.6888
CONFIRMED,2.29799150846,,2.32710652,733.88,3650.0,0.590525,,77.6888
CONFIRMED,2.2979749,0.02839,2.05124347,830.0,3750.0,0.595,0.578,77.6888
CONFIRMED,8.205,0.0594,1.92,635.0,4141.0,0.602,0.63,123.415
CONFIRMED,24.93,0.1275,2.1,318.0,3710.0,0.549,0.478,118.318
CONFIRMED,3.262,0.0331,2.43,707.0,3752.0,0.505,0.517,136.667
CONFIRMED,6.93,0.0419,2.2,423.0,3287.0,0.298,0.274,111.638
CONFIRMED,1.256,0.0198,2.28,1114.0,3924.0,0.688,0.507,282.308
CONFIRMED,12.4551225,0.1016,8.675766,650.0,5282.0,0.822,0.901,233.237
CONFIRMED,12.45636917022,,8.7723254,670.39,5278.0,0.843307,,233.237
CONFIRMED,5.4252061,,0.868,,2890.0,0.16,,139.268
CONFIRMED,5.42513,0.0409,5.76,850.0,3410.0,1.1,0.31,139.268
CONFIRMED,5.4224,,,,3318.0,0.909623,0.349,139.268
CONFIRMED,5.424865,,5.04,,3540.0,1.05,0.56,139.268
CONFIRMED,5.42526,,3.17,,,0.529,,139.268
CONFIRMED,13.773826,,3.29495202,,6114.0,1.682578,,160.125
CONFIRMED,13.773,,2.17,,,1.469,,160.125
CONFIRMED,13.773,,,,6266.98,1.46908,1.221,160.125
CONFIRMED,13.772626,,2.2,,,1.25,,160.125
CONFIRMED,13.7748361,,2.67656,912.0,6266.98,1.47,,160.125
CONFIRMED,13.774798,,2.77,969.0,6232.0,1.5,1.23,160.125
CONFIRMED,9.398977,,1.79,909.0,5994.0,1.06,1.1,211.43
CONFIRMED,22.99592,,2.5,,6010.0,1.043,,211.43
CONFIRMED,22.996591,,2.72,673.0,5994.0,1.06,1.1,211.43
CONFIRMED,17.703,,,,3266.0,0.289676,0.264883,123.202
CONFIRMED,17.70632,,2.2,266.0,3315.0,0.28,0.27,123.202
CONFIRMED,17.7037,,1.76,,,0.205,,123.202
CONFIRMED,14.759287,,6.18,826.0,5880.0,1.22,1.06,343.99
CONFIRMED,14.759859,,,,6070.0,1.186,,343.99
CONFIRMED,14.759595,,5.3,,6070.0,1.186,,343.99
CONFIRMED,14.75650149447,,5.7395617,810.78,5790.7,1.20174,,343.99
CONFIRMED,5.11383503556,,5.67086336,1369.87,6315.7,1.50876,,371.823
CONFIRMED,5.113981,,5.65,1380.0,6502.0,1.49,1.36,371.823
CONFIRMED,5.1138428,,,,6890.0,1.409,,371.823
CONFIRMED,5.113823,,5.0,,6890.0,1.409,,371.823
CONFIRMED,12.282343,,2.52633631,,5985.0,1.410373,,557.993
CONFIRMED,12.281,,,,6272.0,1.33471,1.22,557.993
CONFIRMED,12.2812,,2.47,,,1.323,,557.993
CONFIRMED,12.283211,,2.21,949.0,6222.0,1.33,1.23,557.993
CONFIRMED,21.191788,,1.3172461,,5277.0,0.782112,,239.289
CONFIRMED,21.194733,,1.22,569.0,5424.0,0.8,0.86,239.289
CONFIRMED,21.199,,,,5296.77,0.797924,0.91,239.289
CONFIRMED,21.1976,,1.33,,,0.7747,,239.289
CONFIRMED,16.273563,,2.62,850.0,5869.0,1.32,0.94,421.636
CONFIRMED,16.271,,,,5940.0,1.25863,1.08,421.636
CONFIRMED,16.2713,,2.77,,,1.27,,421.636
CONFIRMED,16.27284,,2.10886389,,5656.0,1.064948,,421.636
CONFIRMED,3.85,,,,4504.0,0.626953,0.708,156.951
CONFIRMED,3.850614,,1.03,783.0,4558.0,0.63,0.66,156.951
CONFIRMED,3.85064,,1.073,,,0.51,,156.951
CONFIRMED,19.508,,2.11,,,0.576,,360.36
CONFIRMED,19.507428,,1.92,508.0,4857.0,0.72,0.74,360.36
CONFIRMED,2.995646,,13.96620332,,5990.0,1.454974,1.119935,348.646
CONFIRMED,2.99529334,,,,6135.47,1.4022,1.162,348.646
CONFIRMED,2.995629,0.0465,15.434793,1715.0,6149.0,1.58,1.226,348.646
CONFIRMED,2.995633,,13.1,,,1.38,,348.646
CONFIRMED,2.9956366,,13.1937,1552.0,6135.5,1.4,,348.646
CONFIRMED,2.99563536,,,,6087.0,1.66,1.31,348.646
CONFIRMED,2.995607,0.04419,15.13215,1742.0,6132.0,1.526,1.281,348.646
CONFIRMED,2.996,,,,6135.47,1.4022,1.162,348.646
CONFIRMED,2.995633,0.0426,13.96,1559.0,6071.0,1.44,1.15,348.646
CONFIRMED,2.9956348,0.0442,13.75,1687.0,6168.0,1.42,1.16,348.646
CONFIRMED,2.9956372,,13.7,,,1.4,,348.646
CONFIRMED,2.995653,,13.8,,6380.0,1.398,,348.646
CONFIRMED,2.99561,,11.99363,,6132.0,1.22,0.64,348.646
CONFIRMED,2.995654,0.0445,16.14096,,6087.0,1.66,1.31,348.646
CONFIRMED,29.729,,,,5464.0,1.11294,0.96,738.136
CONFIRMED,29.7361,,3.52,,,1.144,,738.136
CONFIRMED,29.740451,,3.36,606.0,5532.0,1.13,0.93,738.136
CONFIRMED,36.556251,,2.96787013,,5759.0,1.035241,,421.408
CONFIRMED,36.5563,,3.18,,,1.1,,421.408
CONFIRMED,36.552551,,3.21,598.0,5817.0,1.16,0.98,421.408
CONFIRMED,11.561514,,2.4,,6140.0,1.406,,208.357
CONFIRMED,11.561052,,2.03,861.0,5920.0,1.09,1.01,208.357
CONFIRMED,2.787174,,1.65,653.0,3804.0,0.46,0.49,166.169
CONFIRMED,2.78711,,2.0,,,0.507,,166.169
CONFIRMED,7.67689,,2.44,,,0.507,,166.169
CONFIRMED,7.676984,,2.3,,3790.0,0.465,,166.169
CONFIRMED,7.676972,,2.02,465.0,3804.0,0.46,0.49,166.169
CONFIRMED,3.3557219,,1.9149,688.0,3807.0,0.56,,75.1691
CONFIRMED,3.355854,,1.6,,3860.0,0.551,,75.1691
CONFIRMED,3.35585,,1.59,722.0,4374.0,0.49,0.51,75.1691
CONFIRMED,10.367437,,2.11,437.0,3779.0,0.52,0.56,162.408
CONFIRMED,10.366,,,,3675.0,0.539401,0.535622,162.408
CONFIRMED,10.36627,,1.82,,,0.4,,162.408
CONFIRMED,26.198,,,,4678.0,0.709927,0.746,105.58
CONFIRMED,26.201446,,2.26,450.0,4801.0,0.7,0.71,105.58
CONFIRMED,26.1956,,2.08,,,0.656,,105.58
CONFIRMED,26.197022,,2.36213049,,4789.0,0.692258,,105.58
CONFIRMED,26.19445485478,,2.99459349,439.45,4678.0,0.709927,,105.58
CONFIRMED,7.18662,,2.58,,,0.584,,320.336
CONFIRMED,7.187257,,2.41,640.0,4599.0,0.63,0.66,320.336
CONFIRMED,7.187,,,,4391.0,0.617099,0.687,320.336
CONFIRMED,4.688418,,3.26,908.0,5077.0,0.85,0.83,201.856
CONFIRMED,4.688625,,3.8,,5220.0,0.828,,201.856
CONFIRMED,4.6886342,,3.36071,946.0,4954.0,0.87,,201.856
CONFIRMED,12.550171,,2.67,655.0,5077.0,0.85,0.83,201.856
CONFIRMED,12.550896,,2.6,,5220.0,0.828,,201.856
CONFIRMED,9.029,,,,5274.0,0.786068,0.9,453.567
CONFIRMED,9.032178,,1.38,518.0,4385.0,0.49,0.54,453.567
CONFIRMED,9.0333,,2.75,,,0.825,,453.567
CONFIRMED,2.399964,0.031,1.32,,4402.71,0.619575,0.701968,252.596
CONFIRMED,2.39991,0.0306,1.08,,4426.0,0.601,0.663,252.596
CONFIRMED,2.3996463,,1.52,,4326.0,0.67,,252.596
CONFIRMED,2.39984,0.032,1.4,979.0,4680.0,0.72,0.76,252.596
CONFIRMED,2.39901,,1.27,,,0.603,,252.596
CONFIRMED,5.60906,0.0539,1.69,,4426.0,0.601,0.663,252.596
CONFIRMED,5.60871,,1.9,,,0.603,,252.596
CONFIRMED,5.60967748,,,,4323.44,0.779092,0.68,252.596
CONFIRMED,5.6084,,2.2,766.0,4523.0,0.69,,252.596
CONFIRMED,5.60912,0.0564,2.09,737.0,4680.0,0.72,0.76,252.596
CONFIRMED,5.608352,0.055,1.93,,4402.71,0.619575,0.701968,252.596
CONFIRMED,5.6089465,,2.17,,4326.0,0.67,,252.596
CONFIRMED,4.163873,,1.54,1158.0,5789.0,1.04,0.98,489.368
CONFIRMED,19.9901,,2.81,,,1.006,,489.368
CONFIRMED,19.991,,,,5799.0,0.977396,1.04,489.368
CONFIRMED,19.991944,,2.74,687.0,5789.0,1.04,0.98,489.368
CONFIRMED,7.806164,,2.54,934.0,5769.0,1.05,1.02,694.734
CONFIRMED,7.80651068,,,,5739.0,1.03974,1.03,694.734
CONFIRMED,7.80692,,3.03,,,1.103,,694.734
CONFIRMED,7.806,,,,5739.0,1.03974,1.03,694.734
CONFIRMED,3.665912,,1.37,1160.0,5791.0,0.95,0.98,176.051
CONFIRMED,8.236486,,2.0,,5930.0,0.923,,176.051
CONFIRMED,8.234885,,1.92,885.0,5791.0,0.95,0.98,176.051
CONFIRMED,14.871387,,2.23,727.0,5791.0,0.95,0.98,176.051
CONFIRMED,14.869943,,4.4,,5930.0,0.923,,176.051
CONFIRMED,3.794,,,,3510.0,0.421881,0.415947,91.722
CONFIRMED,3.793306,,1.56,543.0,3669.0,0.41,0.43,91.722
CONFIRMED,5.7385647,0.0632,2.25,1066.0,5790.0,0.92,0.96,500.497
CONFIRMED,21.0267366,0.1599,2.29,624.0,5568.0,0.86,0.9,355.54
CONFIRMED,16.3488637,0.145,3.72,735.0,5794.0,1.0,0.98,517.687
CONFIRMED,11.2510285,0.0863,2.68,888.0,5650.0,0.91,0.93,480.307
CONFIRMED,1.422647,0.02308,1.45,,4953.0,0.75,0.81,109.749
CONFIRMED,1.422586,,1.291,1200.0,4836.0,0.717,0.76,109.749
CONFIRMED,1.422602,,1.407,,,0.729,,109.749
CONFIRMED,1.422619,,1.46748911,,4944.0,0.745987,0.800265,109.749
CONFIRMED,1.4226108,,1.55,,4886.0,0.74,,109.749
CONFIRMED,1.42266,0.023,1.32,1232.0,4924.0,0.74,0.8,109.749
CONFIRMED,1.422614,0.02288,1.43,1328.0,4916.0,0.718,0.79,109.749
CONFIRMED,1.422614,0.0223,1.43,1224.0,4916.0,0.718,0.79,109.749
CONFIRMED,5.340883,,3.58036658,,4944.0,0.745987,0.800265,109.749
CONFIRMED,5.3410507,,3.12,,4953.0,0.726,0.81,109.749
CONFIRMED,5.340888,0.05528,3.2,854.0,4916.0,0.718,0.79,109.749
CONFIRMED,5.340786,,2.41,772.0,4836.0,0.717,0.76,109.749
CONFIRMED,5.34072,0.05574,2.65,,4953.0,0.75,0.81,109.749
CONFIRMED,5.34059,0.0555,2.8,793.0,4924.0,0.74,0.8,109.749
CONFIRMED,5.34107237,,,,4772.39,0.75412,0.769,109.749
CONFIRMED,5.340888,0.054,3.2,788.0,4916.0,0.718,0.79,109.749
CONFIRMED,5.3408934,,2.82,,4886.0,0.74,,109.749
CONFIRMED,9.79692,0.0883,,912.0,5679.0,0.98,0.958,232.1
CONFIRMED,23.4302,,,,5568.0,1.05771,0.982,187.222
CONFIRMED,23.448172,,2.906,,5561.0,1.051,0.823,187.222
CONFIRMED,23.44701,,3.24,,,1.115,,187.222
CONFIRMED,23.446501,,2.71,,5484.0,0.87,,187.222
CONFIRMED,23.446873,,2.89705396,,5869.0,0.986872,,187.222
CONFIRMED,15.93709,,1.87,,,0.731,,185.947
CONFIRMED,15.937378,,1.84,,4574.0,0.7,,185.947
CONFIRMED,15.937039,,2.359,,5601.0,0.94,0.825,185.947
CONFIRMED,20.645099,,2.413,,4348.0,0.625,0.756,176.965
CONFIRMED,20.643928,,2.54,,4396.0,0.68,,176.965
CONFIRMED,20.646,,2.38,,,0.58,,176.965
CONFIRMED,5.02629,,1.322,,,0.577,,206.608
CONFIRMED,5.025831,,1.72,,4679.0,0.72,,206.608
CONFIRMED,5.025598,,1.332,,4663.0,0.663,0.746,206.608
CONFIRMED,9.660186,,1.361,,4663.0,0.663,0.746,206.608
CONFIRMED,9.65869,,1.38,,,0.577,,206.608
CONFIRMED,20.201085,,1.948,,4663.0,0.663,0.746,206.608
CONFIRMED,20.2009,,1.89,,,0.577,,206.608
CONFIRMED,5.761612,,1.313,,5682.0,0.881,0.735,185.55
CONFIRMED,5.761359,,1.37311054,,5744.0,0.901705,,185.55
CONFIRMED,5.7619248,,1.37,,5350.0,0.83,,185.55
CONFIRMED,5.76218,,1.217,,,0.868,,185.55
CONFIRMED,4.44117,0.0511,1.61,974.0,5413.0,0.85,0.9,179.943
CONFIRMED,4.44118,0.05105,1.66,,5512.0,0.87,0.9,179.943
CONFIRMED,4.4436649,,1.5,,4740.0,0.72,,179.943
CONFIRMED,4.443774,,1.52572113,,5382.0,0.818403,0.886868,179.943
CONFIRMED,4.4434,,1.39,949.0,5352.0,0.809,0.84,179.943
CONFIRMED,4.4436,,1.57,,,0.792,,179.943
CONFIRMED,6.42966,,2.41,839.0,5352.0,0.809,0.84,179.943
CONFIRMED,6.42904,0.0654,2.75,861.0,5413.0,0.85,0.9,179.943
CONFIRMED,6.42973,0.06534,2.65,,5512.0,0.87,0.9,179.943
CONFIRMED,6.43032491,,,,4927.0,0.858018,0.809,179.943
CONFIRMED,6.4295023,,2.5,,4740.0,0.72,,179.943
CONFIRMED,6.429582,,2.59811964,,5382.0,0.818403,0.886868,179.943
CONFIRMED,6.42959,,2.64,,,0.792,,179.943
CONFIRMED,14.09229,,2.31,646.0,5352.0,0.809,0.84,179.943
CONFIRMED,14.090907,,2.33,,4740.0,0.72,,179.943
CONFIRMED,14.090996,,2.41175864,,5382.0,0.818403,0.886868,179.943
CONFIRMED,14.0919,0.1102,2.59,,5512.0,0.87,0.9,179.943
CONFIRMED,14.09189,0.1103,2.73,663.0,5413.0,0.85,0.9,179.943
CONFIRMED,14.09292,,2.58,,,0.792,,179.943
CONFIRMED,2.1408063,,2.59639,1267.0,5372.0,1.0,,144.202
CONFIRMED,2.14084,,3.207,,5377.0,0.971,0.984,144.202
CONFIRMED,2.14084,,3.207,,5377.0,0.971,0.984,144.202
CONFIRMED,3.11489307594,,12.11200864,956.83,4973.0,0.74956,,442.813
CONFIRMED,3.1149085,,12.03,,,0.718,,442.813
CONFIRMED,3.11491262,,,,4952.0,0.74956,0.82,442.813
CONFIRMED,3.114878,,12.5,,,0.77,,442.813
CONFIRMED,3.115,,,,4952.0,0.74956,0.82,442.813
CONFIRMED,3.114905,,13.024,,4925.0,0.736,0.958,442.813
CONFIRMED,9.84413,,3.23,,,0.9395,,463.88
CONFIRMED,9.844017,,3.0,,,0.91,,463.88
CONFIRMED,9.844077,,2.945,,5479.0,0.922,0.847,463.88
CONFIRMED,9.844,,,,5500.23,0.957455,0.96,463.88
CONFIRMED,11.0213,,2.25,,,1.507,,229.567
CONFIRMED,11.02066,,2.061,,6138.0,1.486,1.158,229.567
CONFIRMED,4.521953,,1.593,,5789.0,0.907,0.731,359.439
CONFIRMED,4.521953,,1.593,,5789.0,0.907,0.731,359.439
CONFIRMED,16.43445,,2.213,,5789.0,0.907,0.731,359.439
CONFIRMED,16.43445,,2.213,,5789.0,0.907,0.731,359.439
CONFIRMED,14.4584,,2.84,,,1.551,,696.1
CONFIRMED,14.460563,,1.75532562,,5838.0,1.065474,,696.1
CONFIRMED,14.443,,,,5826.08,1.54893,1.05,696.1
CONFIRMED,14.453895,,2.243,,5822.0,1.543,1.119,696.1
CONFIRMED,5.776475,,1.736,,5937.0,1.149,0.908,161.61
CONFIRMED,5.776475,,1.736,,5937.0,1.149,0.908,161.61
CONFIRMED,12.832235,,1.693,,4200.0,0.691,0.821,195.149
CONFIRMED,12.83306,,1.82,,,0.649,,195.149
CONFIRMED,12.83724862,,,,4314.0,0.697984,0.674,195.149
CONFIRMED,2.060438,,2.88,,4823.0,0.732,0.923,687.973
CONFIRMED,2.06,,,,4854.0,0.736421,0.79,687.973
CONFIRMED,2.060368,,3.16,,,0.727,,687.973
CONFIRMED,8.777247,,2.181,,4603.0,0.751,0.856,182.207
CONFIRMED,8.7783,,2.27,,,0.69,,182.207
CONFIRMED,4.01593,0.04994,1.54,1266.0,5731.0,1.06,1.03,192.69
CONFIRMED,4.01593,0.0503,1.655,1310.0,5705.0,1.141,1.054,192.69
CONFIRMED,4.01593,,1.90553,,5757.0,1.38,2.24,192.69
CONFIRMED,4.01628,0.05073,1.64,,5758.0,1.12,1.08,192.69
CONFIRMED,4.01663,,1.96,,,1.241,,192.69
CONFIRMED,4.01668,,1.55,1189.0,5679.0,0.924,1.04,192.69
CONFIRMED,4.01593,0.0506,1.55,1184.0,5757.0,1.1,1.07,192.69
CONFIRMED,10.56103,0.09514,2.29,916.0,5731.0,1.06,1.03,192.69
CONFIRMED,10.56104,,2.18,862.0,5679.0,0.924,1.04,192.69
CONFIRMED,10.56103,0.0959,2.49,949.0,5705.0,1.141,1.054,192.69
CONFIRMED,10.56103,0.0964,2.42,858.0,5757.0,1.1,1.07,192.69
CONFIRMED,10.56098,0.0967,2.41,,5758.0,1.12,1.08,192.69
CONFIRMED,10.56131,,2.83,,,1.241,,192.69
CONFIRMED,9.40172,,1.96,,,1.13,,249.303
CONFIRMED,9.401312,,2.729,,5911.0,1.32,0.993,249.303
CONFIRMED,7.9389334,,1.075,,4473.0,0.675,0.754,145.701
CONFIRMED,7.939256,,1.08322371,,4661.0,0.645652,,145.701
CONFIRMED,7.9388,,0.94,,,0.616,,145.701
CONFIRMED,16.035054,,2.05816745,,4661.0,0.645652,,145.701
CONFIRMED,16.0382,,,,4710.0,0.62,,145.701
CONFIRMED,16.038474,,2.0,,,0.7,,145.701
CONFIRMED,16.034656,,2.0,,4473.0,0.675,0.754,145.701
CONFIRMED,16.0343,,2.05,,,0.616,,145.701
CONFIRMED,26.8054,,1.48,,,0.616,,145.701
CONFIRMED,26.804998,,1.53157981,,4661.0,0.645652,,145.701
CONFIRMED,26.803023,,1.689,,4473.0,0.675,0.754,145.701
CONFIRMED,21.7,,2.38,,,0.811,,278.412
CONFIRMED,21.697619,,2.77059123,,5570.0,0.88176,,278.412
CONFIRMED,21.700156,,2.072,,5452.0,0.811,0.922,278.412
CONFIRMED,1.866025,,1.75,,,0.878,,203.788
CONFIRMED,1.865979,,1.85861238,,5231.0,0.825125,,203.788
CONFIRMED,1.865962,,1.564,,5129.0,0.804,1.061,203.788
CONFIRMED,2.231527,,1.076,,3623.0,0.348,0.33,82.6603
CONFIRMED,4.19525,,1.05,,,0.257,,82.6603
CONFIRMED,4.194766,,1.191,,3623.0,0.348,0.33,82.6603
CONFIRMED,6.679582,,1.392,,3623.0,0.348,0.33,82.6603
CONFIRMED,6.6791,,1.1,,,0.257,,82.6603
CONFIRMED,9.715043,,1.345,,3623.0,0.348,0.33,82.6603
CONFIRMED,9.71601,,1.14,,,0.257,,82.6603
CONFIRMED,13.62757,,1.78,,,0.257,,82.6603
CONFIRMED,13.62749,,2.222,,3623.0,0.348,0.33,82.6603
CONFIRMED,13.6274,,,,3860.0,0.257,,82.6603
CONFIRMED,2.38098,,1.72,,,0.734,,420.819
CONFIRMED,2.380867,,1.539,,4844.0,0.761,0.927,420.819
CONFIRMED,7.473223,,2.32,,5749.0,0.97,0.911,428.785
CONFIRMED,7.47372,,,,5592.0,1.01,,428.785
CONFIRMED,7.47331,,2.74,,,1.012,,428.785
CONFIRMED,28.735998,,4.0,,,0.35,,266.318
CONFIRMED,28.735327,,7.322,,3572.0,0.585,0.57,266.318
CONFIRMED,28.7342,,8.22,,,0.664,,266.318
CONFIRMED,6.339069,,3.66,,5367.0,0.897,0.842,290.495
CONFIRMED,6.339069,,3.66,,5367.0,0.897,0.842,290.495
CONFIRMED,6.3392677,,3.91968,922.0,5289.0,0.93,,290.495
CONFIRMED,6.33932,,3.9,874.0,5310.0,0.91,0.93,290.495
CONFIRMED,8.58289,,2.33,932.0,5773.0,1.094,0.99,259.208
CONFIRMED,8.584043,,2.184,,5782.0,1.084,0.802,259.208
CONFIRMED,8.583566,,2.118,,5782.0,1.084,0.802,259.208
CONFIRMED,20.851337,,2.04,,5782.0,1.084,0.802,259.208
CONFIRMED,20.851337,,2.04,,5782.0,1.084,0.802,259.208
CONFIRMED,4.6028,,,,4911.0,3.12057,,307.47
CONFIRMED,4.60543,,6.27704,,4881.0,2.97,0.66,307.47
CONFIRMED,4.6049829,,1.67,,4843.0,0.74,,307.47
CONFIRMED,4.60497,0.0574,5.71,1670.0,4912.0,2.93,1.192,307.47
CONFIRMED,4.60808540736,,7.04461252,1124.99,4911.0,3.12057,,307.47
CONFIRMED,4.60547,,6.4,1550.0,4915.0,3.08,1.38,307.47
CONFIRMED,4.60497,0.05708,7.09,,4993.0,2.59,1.17,307.47
CONFIRMED,4.60543,0.062,8.2,,4881.0,3.88,1.53,307.47
CONFIRMED,3.312792,,4.662,,5558.0,0.966,0.789,456.122
CONFIRMED,3.312792,,4.662,,5558.0,0.966,0.789,456.122
CONFIRMED,3.3129214,,4.28877,1119.0,5512.0,0.98,,456.122
CONFIRMED,4.622654,,1.371,,5543.0,0.566,0.757,507.94
CONFIRMED,4.622654,,1.371,,5543.0,0.566,0.757,507.94
CONFIRMED,15.398723,,1.85,,5726.0,1.058,0.841,406.985
CONFIRMED,15.398723,,1.85,,5726.0,1.058,0.841,406.985
CONFIRMED,10.413181,,2.352,,5678.0,1.071,0.881,265.914
CONFIRMED,10.41144,,,,5540.0,1.12,,265.914
CONFIRMED,5.09582,,,,4490.0,0.58,,98.0152
CONFIRMED,5.095717,,1.692,,4938.0,0.631,0.478,98.0152
CONFIRMED,5.0957983,,1.92318,643.0,4197.0,0.7,,98.0152
CONFIRMED,4.803352,,2.597,,5007.0,0.783,0.952,286.727
CONFIRMED,4.803352,,2.597,,5007.0,0.783,0.952,286.727
CONFIRMED,8.491282,,3.395,,5007.0,0.783,0.952,286.727
CONFIRMED,8.491282,,3.395,,5007.0,0.783,0.952,286.727
CONFIRMED,0.673862,,1.579,,5236.0,0.92,0.954,274.864
CONFIRMED,0.673862,,1.579,,5236.0,0.92,0.954,274.864
CONFIRMED,25.76051,,3.124,,5236.0,0.92,0.954,274.864
CONFIRMED,3.572326,,2.417,,5387.0,0.966,0.937,199.354
CONFIRMED,3.572326,,2.417,,5387.0,0.966,0.937,199.354
CONFIRMED,6.393025,,2.274,,5946.0,1.239,0.945,606.992
CONFIRMED,6.393025,,2.274,,5946.0,1.239,0.945,606.992
CONFIRMED,18.787839,,5.098,,5946.0,1.239,0.945,606.992
CONFIRMED,18.787839,,5.098,,5946.0,1.239,0.945,606.992
REFUTED,0.759978,,6.049,,5690.0,1.541,0.783,515.491
REFUTED,0.76001901813,,7.29025894,2529.02,5690.2,1.65999,,515.491
REFUTED,0.759978,,6.049,,5690.0,1.541,0.783,515.491
CONFIRMED,10.00361,,2.57,,4077.0,0.62,,231.828
CONFIRMED,10.0051,,2.29,,,0.572,,231.828
CONFIRMED,10.00329,0.0777,2.37,563.0,4197.0,0.6,0.63,231.828
CONFIRMED,10.00617969,,,,4120.0,0.684348,0.64,231.828
CONFIRMED,10.0044,0.0715,1.69,,4044.0,0.435,0.487,231.828
CONFIRMED,10.003417,0.078,2.1,,4014.73,0.569359,0.635026,231.828
CONFIRMED,3.865053,,1.163,,3578.0,0.382,0.374,62.3804
CONFIRMED,3.865053,,1.163,,3578.0,0.382,0.374,62.3804
CONFIRMED,6.293099,,2.262,,4213.0,0.675,0.87,200.727
CONFIRMED,6.293099,,2.262,,4213.0,0.675,0.87,200.727
CONFIRMED,17.27474,,2.678,,5716.0,1.28,0.944,523.055
CONFIRMED,17.27474,,2.678,,5716.0,1.28,0.944,523.055
CONFIRMED,33.589979,,5.333,,5511.0,0.886,0.784,246.599
CONFIRMED,33.589979,,5.333,,5511.0,0.886,0.784,246.599
CONFIRMED,33.5920255,,9.88421,949.0,5468.0,0.91,,246.599
CONFIRMED,13.115365,,2.53,,3748.0,0.552,0.552,121.63
CONFIRMED,13.115365,,2.53,,3748.0,0.552,0.552,121.63
CONFIRMED,3.4355113,,4.18368,969.0,4870.0,0.8,,197.234
CONFIRMED,3.435471,,4.569,,4927.0,0.765,1.034,197.234
CONFIRMED,3.435453,,3.806,,4927.0,0.765,1.034,197.234
CONFIRMED,22.549406,,4.602,,5784.0,0.961,0.798,85.3751
CONFIRMED,22.549406,,4.602,,5784.0,0.961,0.798,85.3751
CONFIRMED,4.941907,,1.283,,5563.0,0.927,0.881,218.376
CONFIRMED,4.941907,,1.283,,5563.0,0.927,0.881,218.376
CONFIRMED,9.22453,,1.36,,5563.0,0.927,0.881,218.376
CONFIRMED,9.22453,,1.36,,5563.0,0.927,0.881,218.376
CONFIRMED,20.978959,,1.677,,5335.0,0.784,0.813,162.306
CONFIRMED,20.978959,,1.677,,5335.0,0.784,0.813,162.306
CONFIRMED,1.908084,,2.482,,5742.0,1.228,0.886,431.031
CONFIRMED,1.908084,,2.482,,5742.0,1.228,0.886,431.031
CONFIRMED,3.2141,0.0511,0.9898,,5711.0,1.375,1.018,298.219
CONFIRMED,5.9382,0.0586,2.116,,5590.0,0.977,0.893,654.085
CONFIRMED,0.8094,0.0117,0.7599,,4116.0,0.7,0.808,285.162
CONFIRMED,5.3301,0.0426,1.2327,,4116.0,0.7,0.808,285.162
CONFIRMED,4.3696,0.0487,1.219,,4343.0,0.732,0.814,260.036
CONFIRMED,6.669,0.0552,1.9287,,4343.0,0.732,0.814,260.036
CONFIRMED,4.01798053813,,1.1017624,374.41,3166.0,0.194357,,21.8182
CONFIRMED,4.0179694,0.027,1.015,412.4,3173.0,0.1965,0.1635,21.8182
CONFIRMED,13.102,0.088,2.66,447.0,3746.0,0.554,0.548,120.311
CONFIRMED,6.535,0.063,3.31,558.0,3861.0,0.5776,0.569,94.0424
CONFIRMED,20.35954,,10.85,,3728.0,0.539092,0.535338,268.685
CONFIRMED,20.35919,,11.3,,,0.55,,268.685
CONFIRMED,20.35507390682,,10.50799334,350.82,3728.0,0.539092,,268.685
CONFIRMED,20.35847252,0.1208,10.55,377.0,3711.0,0.541,0.562,268.685
CONFIRMED,20.358748,,10.0,,,0.53,,268.685
CONFIRMED,20.359,,,,3728.0,0.539092,0.535338,268.685
CONFIRMED,6.68851,,2.25,,,0.658,,396.913
CONFIRMED,6.6874352,,2.79,,4476.0,0.69,,396.913
CONFIRMED,6.68796,0.0617,2.15,,4613.0,0.643,0.702,396.913
CONFIRMED,3.471149,,4.51,939.3,3840.6,0.542,0.571,182.536
CONFIRMED,3.471136,,5.16,,,0.61,,182.536
CONFIRMED,3.471341,0.038,4.75,,3889.72,0.587449,0.598864,182.536
CONFIRMED,3.471285,,4.37,,3720.0,0.5,,182.536
CONFIRMED,3.4712802624,,4.2314265,636.76,3696.0,0.563,,182.536
CONFIRMED,3.47114,0.03784,4.13,,3939.0,0.57,0.6,182.536
CONFIRMED,2.19945,,2.6,,,0.61,,182.536
CONFIRMED,2.198884,,2.42,1093.7,3840.6,0.542,0.571,182.536
CONFIRMED,5.657,0.06,2.433,,5912.0,1.58,1.15,476.703
CONFIRMED,5.65706,,2.16,1211.0,5989.0,1.09,,476.703
CONFIRMED,5.65688,0.0651,2.72,,5912.0,1.58,1.15,476.703
CONFIRMED,5.65621,,3.13,,,1.617,,476.703
CONFIRMED,5.656256,,2.08,,5840.0,1.03,,476.703
CONFIRMED,5.656304,,2.93920584,,5722.0,1.561446,1.049582,476.703
CONFIRMED,1.7292591,,11.0,,4271.0,0.66,,495.317
CONFIRMED,1.72926812424,,12.6001269,1073.56,4377.0,0.766495,,495.317
CONFIRMED,1.7292577,,11.4,,,0.729,,495.317
CONFIRMED,1.7292684,0.0224,6.71,,4103.0,0.445,0.503,495.317
CONFIRMED,1.729257,0.025,10.44,,4262.1,0.685548,0.682189,495.317
CONFIRMED,19.15344,,2.04,889.0,6445.0,1.12,,449.237
CONFIRMED,19.1541,0.13821,2.05,,6256.0,1.29,0.96,449.237
CONFIRMED,19.153,,2.4,,,1.25,,449.237
CONFIRMED,19.153765,,2.65,,6234.0,1.32,,449.237
CONFIRMED,19.15454,,2.47140597,,6114.0,1.328888,1.015093,449.237
CONFIRMED,31.6372,0.1779,1.89,,5054.0,0.76,0.75,349.881
CONFIRMED,31.6551,,2.48,,,0.774,,349.881
CONFIRMED,31.646306,,2.53,,4810.0,0.73,,349.881
CONFIRMED,20.5065,0.1344,2.24,,4899.0,0.73,0.77,313.764
CONFIRMED,20.507693,,2.78,,4728.0,0.72,,313.764
CONFIRMED,20.5107,,2.23,,,0.662,,313.764
CONFIRMED,2.770522,,3.19,,,0.696,,457.125
CONFIRMED,2.7706297,,3.36,,4329.0,0.67,,457.125
CONFIRMED,2.77065,0.0309,1.93,,4175.0,0.45,0.51,457.125
CONFIRMED,5.73597,0.0504,1.5,,4021.0,0.462,0.52,202.943
CONFIRMED,5.73594,0.0532,1.91,565.0,3930.0,0.57,0.61,202.943
CONFIRMED,5.73491,0.0509,1.92,634.0,4102.0,0.52,0.53,202.943
CONFIRMED,5.7348462,,2.4,,4088.0,0.62,,202.943
CONFIRMED,5.73649,,4.2,,,0.532,,202.943
CONFIRMED,10.93406,0.0783,1.92,511.0,4102.0,0.52,0.53,202.943
CONFIRMED,10.93459,,2.02,,,0.532,,202.943
CONFIRMED,10.93241,0.0818,2.26,456.0,3930.0,0.57,0.61,202.943
CONFIRMED,10.9324,0.0775,1.64,,4021.0,0.462,0.52,202.943
CONFIRMED,8.75198,,2.29,,,0.634,,257.443
CONFIRMED,8.7529874,,2.46,,4252.0,0.65,,257.443
CONFIRMED,8.7529,0.0705,1.59,,4326.0,0.546,0.611,257.443
REFUTED,13.008383,,15.65133315,,5526.0,1.420548,,367.6
REFUTED,13.0106,,12.9,,,,,367.6
REFUTED,13.00819,,20.1,,,1.76,,367.6
REFUTED,13.008278,,8.68,,4639.0,0.71,,367.6
CONFIRMED,3.5353975,,1.98,,3260.0,0.23,,1038.41
CONFIRMED,3.53482,0.0485,11.1,,6113.0,1.49,1.21,1038.41
CONFIRMED,3.535155,,16.6,,,2.07,,1038.41
CONFIRMED,3.535055,0.054,18.0,2004.0,7147.0,2.192,1.691,1038.41
CONFIRMED,12.20772,0.098,2.6,665.0,5263.0,0.807,0.851,138.018
CONFIRMED,12.207632,,2.47,,4684.0,0.72,,138.018
CONFIRMED,12.20773,,2.34,,,0.713,,138.018
CONFIRMED,12.2054,0.0975,2.5,,5269.0,0.85,0.83,138.018
CONFIRMED,12.2091165,,,,4555.0,0.824666,0.718,138.018
CONFIRMED,9.7843,0.0671,1.15,,3798.0,0.384,0.421,174.955
CONFIRMED,9.7833,0.0761,2.6116925,560.0,3990.0,0.643,0.615,174.955
CONFIRMED,2.84947127,,,,4279.0,0.737576,0.669,159.522
CONFIRMED,2.849271,,4.43,900.0,4300.0,0.715,0.688,159.522
CONFIRMED,2.8493,,,,4279.0,0.737576,0.669,159.522
CONFIRMED,2.8492816,,,,4456.0,0.63,0.696,159.522
CONFIRMED,2.849274,0.035,4.38,,4299.98,0.715385,0.687725,159.522
CONFIRMED,2.849282,,4.75272,912.0,4279.0,0.74,,159.522
CONFIRMED,2.849302,,4.07,,,0.662,,159.522
CONFIRMED,2.8492818,,4.43,,4237.0,0.65,,159.522
CONFIRMED,2.849258,0.03486,3.82,,4456.0,0.63,0.696,159.522
CONFIRMED,9.0073,0.0752,2.30905002,635.8,4413.0,0.671,0.699,264.213
CONFIRMED,9.007156,,2.53,,4388.0,0.68,,264.213
CONFIRMED,9.0063,0.0746,2.1,,4434.0,0.621,0.683,264.213
CONFIRMED,9.0074,,2.18,,,0.599,,264.213
CONFIRMED,7.0525273,,2.62,,4998.0,0.76,,181.746
CONFIRMED,7.05254,0.0692,2.68,,5413.0,0.86,0.89,181.746
CONFIRMED,7.05235,,2.72,,,0.837,,181.746
CONFIRMED,7.052475,,2.59425303,,5134.0,0.803348,0.857874,181.746
CONFIRMED,7.05240378,,,,5020.0,0.836424,0.834,181.746
CONFIRMED,2.53726,0.035,1.62,,5413.0,0.86,0.89,181.746
CONFIRMED,2.537071,,1.62512091,,5134.0,0.803348,0.857874,181.746
CONFIRMED,2.5370422,,1.64,,4998.0,0.76,,181.746
CONFIRMED,2.53712,,1.71,,,0.837,,181.746
CONFIRMED,22.881145,,1.78,,4998.0,0.76,,181.746
CONFIRMED,22.882,,1.84,,,0.837,,181.746
CONFIRMED,22.88159,,1.75221592,,5134.0,0.803348,0.857874,181.746
CONFIRMED,22.8827,0.1517,1.71,,5413.0,0.86,0.89,181.746
CONFIRMED,20.6921,0.1354,2.41,,5055.0,0.731,0.774,311.313
CONFIRMED,20.6915,,2.1,,,0.64,,311.313
CONFIRMED,20.698453,,2.69,,4775.0,0.73,,311.313
CONFIRMED,11.2954,0.0905,2.3,,5055.0,0.731,0.774,311.313
CONFIRMED,11.29665,,2.08,,,0.64,,311.313
CONFIRMED,11.295158,,2.47,,4775.0,0.73,,311.313
CONFIRMED,30.9349,0.1882,2.5,,5767.0,1.01,0.93,316.819
CONFIRMED,30.9403,,2.44,,,0.8649,,316.819
CONFIRMED,30.944648,,3.06,,5710.0,0.96,,316.819
CONFIRMED,30.944593,,2.31215242,,5617.0,0.86302,0.93034,316.819
CONFIRMED,30.94191,0.1898,2.5,615.0,5850.0,0.96,0.97,316.819
CONFIRMED,3.0026,,,,5630.0,1.45479,1.0,491.87
CONFIRMED,3.0026215,,14.0672,2254.0,5630.0,1.45,,491.87
CONFIRMED,3.00234671,,,,5630.0,1.45479,1.0,491.87
CONFIRMED,3.0026376,,6.45,,5425.0,0.86,,491.87
CONFIRMED,3.002627,0.04179,9.9,,5749.0,1.47,1.08,491.87
CONFIRMED,3.002654,,10.45,,,1.525,,491.87
CONFIRMED,3.00265,0.045,7.655747,1400.0,5500.0,1.12,0.97,491.87
CONFIRMED,2.573413,,1.93284331,,5761.0,1.015751,1.030202,405.732
CONFIRMED,2.5735352,,1.94,,5680.0,0.95,,405.732
CONFIRMED,2.57336,,1.92,1325.0,5748.0,0.995,0.97,405.732
CONFIRMED,2.57275378,,,,5718.0,1.00125,1.02,405.732
CONFIRMED,2.57302,0.0392,2.48,,6293.0,1.36,1.21,405.732
CONFIRMED,2.57333,,2.03,,,1.046,,405.732
CONFIRMED,6.67199,,2.02,666.0,4455.0,0.696,0.67,112.467
CONFIRMED,6.6717686,,2.18,,4500.0,0.69,,112.467
CONFIRMED,6.67010938,,,,4555.0,0.695645,0.718,112.467
CONFIRMED,6.671774,,1.92561267,,4636.0,0.647947,0.684147,112.467
CONFIRMED,6.67196,,1.697,,,0.577,,112.467
CONFIRMED,6.67202,0.0636,2.14,,4880.0,0.73,0.77,112.467
CONFIRMED,16.19803,,1.73,,,0.577,,112.467
CONFIRMED,16.1966,0.1148,2.14,,4880.0,0.73,0.77,112.467
CONFIRMED,16.197189,,2.11,,4500.0,0.69,,112.467
CONFIRMED,16.197201,,1.89069587,,4636.0,0.647947,0.684147,112.467
CONFIRMED,16.19697,,1.99,495.0,4455.0,0.696,0.67,112.467
CONFIRMED,20.2653,,2.89,,,1.269,,517.534
CONFIRMED,20.257,0.1627,3.22,,6771.0,1.63,1.4,517.534
CONFIRMED,20.258209,,2.08,,5686.0,0.95,,517.534
CONFIRMED,25.4556,0.189,3.9,,6771.0,1.63,1.4,517.534
CONFIRMED,25.457815,,2.99,,5686.0,0.95,,517.534
CONFIRMED,25.4569,,3.66,,,1.269,,517.534
CONFIRMED,6.53147301,,,,5391.0,0.875405,0.94,499.891
CONFIRMED,6.5311178,,2.85,,5313.0,0.82,,499.891
CONFIRMED,6.53142,,2.79,,,0.867,,499.891
CONFIRMED,6.53044,0.0619,2.07,,5312.0,0.726,0.741,499.891
CONFIRMED,12.647815,,1.38162499,,4799.0,0.668753,0.701917,
CONFIRMED,12.64655,,1.47,,,0.722,,
CONFIRMED,12.65309622,,,,,,,
CONFIRMED,12.6475,0.1014,1.58,,5213.0,0.84,0.87,
CONFIRMED,12.647849,,1.65,,4711.0,0.72,,
CONFIRMED,5.06939,,2.75,1427.0,5865.0,1.79,1.06,513.877
CONFIRMED,5.0689232,,2.93,,6490.0,1.59,,513.877
CONFIRMED,5.06963,0.05983,2.49,1372.0,5887.0,1.67,1.11,513.877
CONFIRMED,5.06965,0.06069,2.49,,5958.0,1.71,1.16,513.877
REFUTED,24.38724,,17.4,,,,,1574.05
REFUTED,24.3949924,,,,6059.0,1.53945,1.13,1574.05
REFUTED,24.38752,,22.4,,,1.43,,1574.05
REFUTED,24.3872,,,,6059.0,1.53945,1.13,1574.05
REFUTED,24.387407,,18.3,,5931.0,1.09,,1574.05
CONFIRMED,8.05423,,1.73,,,0.655,,168.652
CONFIRMED,8.054787,,1.82830556,,4893.0,0.702294,0.751397,168.652
CONFIRMED,8.0549321,,2.01,,4720.0,0.72,,168.652
CONFIRMED,8.05428,0.0708,1.58,,4746.0,0.675,0.73,168.652
CONFIRMED,7.06599,0.0591,2.32,,4127.0,0.491,0.551,180.697
CONFIRMED,7.065,,2.4,,,0.491,,180.697
CONFIRMED,7.0658874,,3.07,,4059.0,0.61,,180.697
CONFIRMED,28.6777,0.1864,4.12,,5715.0,2.13,1.05,738.553
CONFIRMED,28.6911,,4.3,,,1.597,,738.553
CONFIRMED,28.6781,0.1867,4.03523305,786.0,5700.0,1.533,1.056,738.553
CONFIRMED,28.67992,0.1814,2.67,651.0,5772.0,0.96,0.97,738.553
CONFIRMED,13.978518,,2.75039475,,5131.0,0.798574,0.847597,232.964
CONFIRMED,13.9782,,2.69,,,0.783,,232.964
CONFIRMED,13.98746633,,,,5064.0,0.792485,0.846,232.964
CONFIRMED,13.97876,,2.77,,5026.0,0.77,,232.964
CONFIRMED,13.97896,0.1112,2.89,,5622.0,0.93,0.94,232.964
CONFIRMED,6.9862794,,3.32,,3891.0,0.57,,153.192
CONFIRMED,6.98541,0.0559,2.15,,4006.0,0.426,0.477,153.192
CONFIRMED,5.57739,0.037,0.75,,3497.0,0.232,0.217,66.4321
CONFIRMED,5.577212,0.04,1.08,,3360.47,0.330989,0.271365,66.4321
CONFIRMED,5.5773147,,1.54,,3563.0,0.43,,66.4321
CONFIRMED,15.189034,0.078,1.16,,3360.47,0.330989,0.271365,66.4321
CONFIRMED,15.1871,0.0722,0.86,,3497.0,0.232,0.217,66.4321
CONFIRMED,7.760178,0.05,1.01,,3360.47,0.330989,0.271365,66.4321
CONFIRMED,7.7599,0.0461,0.73,,3497.0,0.232,0.217,66.4321
CONFIRMED,24.1669,0.098,0.82,,3497.0,0.232,0.217,66.4321
CONFIRMED,24.158868,0.106,1.29,,3360.47,0.330989,0.271365,66.4321
CONFIRMED,7.49569,,2.71,,,1.079,,269.183
CONFIRMED,7.495692,,2.62539115,,5844.0,1.051008,1.043192,269.183
CONFIRMED,7.4956613,,4.74,,6634.0,1.77,,269.183
CONFIRMED,7.49491004,,,,5865.0,1.05721,1.061,269.183
CONFIRMED,7.495,,,,5865.0,1.05721,1.061,269.183
CONFIRMED,7.49543,0.07619,2.45,,5922.0,1.06,1.05,269.183
CONFIRMED,7.49556,,2.58,968.0,5867.0,1.058,1.02,269.183
CONFIRMED,19.565557,,2.95906745,,5929.0,1.086156,0.987182,377.822
CONFIRMED,19.565086,,2.94,,5804.0,1.01,,377.822
CONFIRMED,19.5688,,3.66,,,1.047,,377.822
CONFIRMED,19.5666,0.1402,2.31,,6060.0,0.98,0.96,377.822
CONFIRMED,7.8142,0.081,2.67,,5995.0,1.56,1.16,561.93
CONFIRMED,7.817949,,2.54862479,,6022.0,1.238022,1.173509,561.93
CONFIRMED,7.81751,,3.08,,,1.492,,561.93
CONFIRMED,7.8173399,,2.16,,5800.0,1.01,,561.93
CONFIRMED,18.289,,3.16,,,1.492,,561.93
CONFIRMED,18.286069,,2.62624197,,6022.0,1.238022,1.173509,561.93
CONFIRMED,18.283257,,2.31,,5800.0,1.01,,561.93
CONFIRMED,18.311,0.1429,2.77,,5995.0,1.56,1.16,561.93
REFUTED,11.98934,,14.77,,,1.726,,693.334
REFUTED,11.989686,,9.01,,5700.0,0.96,,693.334
REFUTED,23.9726,,11.1,,,,,693.334
REFUTED,11.99899626,,,,5759.0,1.57442,1.03,693.334
REFUTED,11.9897,,,,5759.0,1.57442,1.03,693.334
CONFIRMED,8.199796,,2.3,,4970.0,0.76,0.8,141.731
CONFIRMED,8.20075,0.076,2.47,,5297.0,0.83,0.87,141.731
CONFIRMED,8.20023,,2.53,,,0.782,,141.731
CONFIRMED,8.2000844,0.0753,2.4996027,806.0,5160.0,0.792,0.847,141.731
CONFIRMED,8.199814,,2.49801045,,5070.0,0.783982,0.851503,141.731
CONFIRMED,8.2008,,,,4865.6,0.793476,0.793,141.731
CONFIRMED,8.20008746059,,2.79975419,704.46,4865.6,0.793476,,141.731
REFUTED,2.29016,,1.42,,,,,146.905
REFUTED,2.294185,,1.95611,1065.39,5062.0,0.707445,,146.905
CONFIRMED,10.993948,,3.14685573,,5839.0,1.038427,1.06195,256.011
CONFIRMED,10.9947,0.0988,4.09,1022.0,5897.0,1.265,1.066,256.011
CONFIRMED,10.99497,,3.99,925.0,5853.0,1.247,1.01,256.011
CONFIRMED,21.99036193738,,4.60346552,699.16,5294.0,1.33417,,256.011
CONFIRMED,10.994748,,4.05,,5926.0,1.247,1.06,256.011
CONFIRMED,10.99501,,4.55,,,1.3704,,256.011
CONFIRMED,10.99573,0.0987,3.69,,5926.0,1.28,1.06,256.011
CONFIRMED,10.3535,0.0877,3.32,,5147.0,0.8,0.84,403.513
CONFIRMED,10.353263,,3.09,,4797.0,0.73,,403.513
CONFIRMED,10.35848367,,,,4779.0,0.771581,0.77,403.513
CONFIRMED,10.35176,0.0856,2.97,691.0,4890.0,0.74,0.79,403.513
CONFIRMED,10.35239,0.0856,3.58,631.0,4870.0,0.74,0.78,403.513
CONFIRMED,10.3516,,2.86,,,0.712,,403.513
CONFIRMED,5.0639064,,2.46,,4797.0,0.73,,403.513
CONFIRMED,5.06468,,2.31,877.0,,,,403.513
CONFIRMED,5.06347,,2.32,,,0.712,,403.513
CONFIRMED,5.06416,0.0532,2.41,801.0,4870.0,0.74,0.78,403.513
CONFIRMED,5.06408,0.0545,2.44,,5147.0,0.8,0.84,403.513
CONFIRMED,19.0912,,2.03,,,0.785,,200.802
CONFIRMED,19.09995,,2.11327433,,5377.0,0.841458,0.913111,200.802
CONFIRMED,19.0918,0.135,2.01,,5441.0,0.87,0.9,200.802
CONFIRMED,5.605309,,1.48914397,,5377.0,0.841458,0.913111,200.802
CONFIRMED,5.605,0.0596,1.47,,5441.0,0.87,0.9,200.802
CONFIRMED,5.60473,,1.41,,,0.785,,200.802
CONFIRMED,28.8819,,2.39,,,0.785,,200.802
CONFIRMED,28.867253,,2.55211506,,5377.0,0.841458,0.913111,200.802
CONFIRMED,6.10099028,,,,4784.0,0.756173,0.772,252.318
CONFIRMED,6.10241,,2.38,,,0.702,,252.318
CONFIRMED,6.10224,0.0579,1.82,,4530.0,0.631,0.697,252.318
CONFIRMED,6.102325,0.059,1.97,,4674.13,0.634663,0.745273,252.318
REFUTED,7.195834,,2.6,,,,,1741.97
CONFIRMED,2.747227,0.032,1.71,,3875.75,0.547001,0.594112,125.529
CONFIRMED,2.74697,0.03014,1.244,,3910.0,0.424,0.484,125.529
CONFIRMED,2.747128,,1.36,,,0.424,,125.529
CONFIRMED,10.00102551,,,,3848.0,0.562821,0.556642,125.529
CONFIRMED,9.99791,,1.7,,,0.424,,125.529
CONFIRMED,9.99767,0.07131,1.483,,3910.0,0.424,0.484,125.529
CONFIRMED,9.997442,0.076,2.11,,3875.75,0.547001,0.594112,125.529
CONFIRMED,6.4215,0.0665,2.41,,5652.0,0.93,0.95,284.876
CONFIRMED,6.42149,,2.51,,,0.836,,284.876
CONFIRMED,27.86,0.1768,2.03,,5652.0,0.93,0.95,284.876
CONFIRMED,27.8522,,2.16,,,0.836,,284.876
CONFIRMED,0.684541,,1.36,,,0.671,,97.2179
CONFIRMED,0.684533,0.01263,1.01,,4268.0,0.507,0.573,97.2179
CONFIRMED,0.684559,,1.2,,4427.0,0.68,,97.2179
CONFIRMED,0.68458757,,,,4222.0,0.734112,0.66,97.2179
CONFIRMED,0.684557,0.013,1.37,,4376.21,0.675849,0.69834,97.2179
CONFIRMED,0.684575,,1.4,,4462.0,0.71,,97.2179
CONFIRMED,0.684553,,1.27572042,,4441.0,0.646851,0.678307,97.2179
CONFIRMED,0.68453862616,,1.4,1355.0,4232.0,0.71,0.7,97.2179
CONFIRMED,8.775864,,1.97521161,,5129.0,0.721964,0.757495,258.699
CONFIRMED,8.77683,0.077,1.96,,5482.0,0.76,0.79,258.699
CONFIRMED,8.77709,,5.1,,,0.8,,258.699
CONFIRMED,9.72664,,8.42,,,1.508,,491.242
CONFIRMED,9.726618,0.094,7.6,979.0,5747.0,1.401,1.164,491.242
CONFIRMED,9.72739,0.0876,4.6,,5406.0,0.93,0.947,491.242
CONFIRMED,9.72665,,7.23871,1214.0,5583.6,1.45,,491.242
CONFIRMED,4.61228,0.042,2.3,,3624.15,0.459539,0.477046,110.561
CONFIRMED,4.61244,,1.27,,,0.256,,110.561
CONFIRMED,4.6122,0.0345,1.23,,3537.0,0.256,0.258,110.561
CONFIRMED,1.095962,,0.617,,,0.318,,86.0386
CONFIRMED,1.096026,0.01462,0.615,,3691.0,0.318,0.347,86.0386
CONFIRMED,1.095979,0.017,1.08,,3677.0,0.535057,0.531616,86.0386
CONFIRMED,18.4474,0.1098,5.6,,4052.0,0.468,0.519,82.9631
CONFIRMED,18.44883,0.0848,1.6,284.0,3468.0,0.25,0.24,82.9631
CONFIRMED,18.448653,,3.33,,3765.0,0.52,,82.9631
CONFIRMED,18.44951,,3.09,,,0.468,,82.9631
CONFIRMED,18.4498,0.091,2.25,314.0,3390.0,0.31,0.3,82.9631
CONFIRMED,13.71468745,,,,4133.13,0.650887,0.647,134.188
CONFIRMED,13.734907,0.1,2.53,,4421.98,0.634754,0.704613,134.188
CONFIRMED,13.7311,0.0926,2.04,,4136.0,0.494,0.562,134.188
CONFIRMED,13.733314,0.096,2.6,502.0,4484.0,0.619,0.629,134.188
CONFIRMED,13.73288,,2.64,,,0.646,,134.188
CONFIRMED,2.90022,,1.36,,,0.646,,134.188
CONFIRMED,2.900706,0.035,1.3,,4421.98,0.634754,0.704613,134.188
CONFIRMED,2.90032,0.0328,1.02,,4136.0,0.494,0.562,134.188
CONFIRMED,1.41929871,,,,3326.0,0.361559,0.347552,62.5785
CONFIRMED,1.419604,0.018,1.22,,3488.9,0.32067,0.383934,62.5785
CONFIRMED,1.419714,,1.18,,,0.284,,62.5785
CONFIRMED,1.419549,0.0164,1.1,,3622.0,0.284,0.292,62.5785
REFUTED,0.701818,,2.56,,,,,481.573
CONFIRMED,10.134016,0.0696,3.88,383.0,3548.0,0.42,0.44,179.854
CONFIRMED,10.13389,0.0653,3.47,,3471.0,0.402,0.361,179.854
CONFIRMED,10.134279,,14.8,,,0.43,,179.854
CONFIRMED,10.1338,,,,3411.0,0.414978,0.408283,179.854
CONFIRMED,10.135091,,3.7,,3410.0,0.44,0.43,179.854
CONFIRMED,10.134231,,1.76,,,0.226,,179.854
CONFIRMED,10.1346454,0.0525,3.31,474.0,3566.0,0.4,0.41,179.854
CONFIRMED,10.13446,,1.92,,,0.226,,179.854
CONFIRMED,8.406,,,,4642.56,4.70881,,878.43
CONFIRMED,8.405276,,8.04276104,,4836.0,2.949151,1.054213,878.43
CONFIRMED,,0.081,14.68379,,,4.2,1.16,878.43
CONFIRMED,8.4071591,,10.1248,910.0,4642.6,4.71,,878.43
CONFIRMED,8.406726,0.086,10.61,1499.0,4717.0,4.47,1.2,878.43
CONFIRMED,8.4061,,14.68379,,4790.0,4.2,1.16,878.43
CONFIRMED,8.40685,,10.88,,,4.09,,878.43
CONFIRMED,8.407115,0.0854,13.45077684,1566.0,4673.0,4.14,1.17,878.43
CONFIRMED,8.406951,,11.5,,,4.79,,878.43
CONFIRMED,8.4061,,14.68379,,4790.0,4.2,1.16,878.43
CONFIRMED,10.13682,,4.6,,,1.37,,518.625
CONFIRMED,10.13675,0.0943,4.3,1102.0,6120.0,1.311,1.074,518.625
CONFIRMED,10.136796,,5.00805298,,6095.0,1.5082,1.155595,518.625
CONFIRMED,10.13693,,4.93,1093.0,6103.0,1.565,0.91,518.625
CONFIRMED,10.13892836,,,,6283.0,1.50696,1.23,518.625
CONFIRMED,10.136527,,4.5,,,1.39,,518.625
CONFIRMED,10.136448,0.0974,5.2,1092.0,6172.0,1.57,1.2,518.625
CONFIRMED,10.1367283,,5.44119,1563.0,6283.0,1.51,,518.625
CONFIRMED,10.1367349,0.0986,5.06645928,1185.0,6260.0,1.518,1.246,518.625
CONFIRMED,10.136,,,,6283.0,1.50696,1.23,518.625
CONFIRMED,18.24841,,12.48,,,2.71,,519.229
CONFIRMED,18.25,,,,6073.27,2.73115,1.14,519.229
CONFIRMED,18.249,0.159,14.45961,,5990.0,3.1,1.6,519.229
CONFIRMED,18.251985,0.1597,11.73,1113.0,6217.0,2.63,1.63,519.229
CONFIRMED,18.248708,,10.53585955,,6033.0,2.276457,1.424556,519.229
CONFIRMED,18.24783,0.153,11.88151954,1184.0,6069.0,2.55,1.44,519.229
CONFIRMED,18.252213,,8.3,,,1.98,,519.229
CONFIRMED,18.24901,,12.37,1108.0,6053.0,2.66,1.48,519.229
CONFIRMED,1.33711716,,,,4645.0,0.713,0.74,181.374
CONFIRMED,1.337116562,,,,4645.0,0.713,0.74,181.374
CONFIRMED,1.337,,,,4459.0,0.763091,0.699,181.374
CONFIRMED,1.33711647,0.02153,14.056,1344.0,4645.0,0.776,0.743,181.374
CONFIRMED,1.337116553,0.0216,12.89035,,4645.0,0.713,0.74,181.374
CONFIRMED,1.337116,,11.5,,,0.66,,181.374
CONFIRMED,1.3371164,,,,,,,181.374
CONFIRMED,1.3371182,0.02149,12.823,1292.0,4645.0,0.713,0.74,181.374
CONFIRMED,1.33711405,,,,4459.0,0.763091,0.699,181.374
CONFIRMED,1.33711569,,11.85,,,0.6629,,181.374
CONFIRMED,1.33711647,0.02153,14.056086,,4645.0,0.776,0.743,181.374
CONFIRMED,1.5108261,,,,2566.0,0.1192,0.0898,
CONFIRMED,1.51087,,,,,,,
CONFIRMED,1.51087081,0.01111,1.086,400.1,2559.0,0.117,0.0802,
CONFIRMED,1.51088432,0.011534,,397.6,2520.0,0.1234,0.0898,
CONFIRMED,1.510826,0.01154,1.116,,2566.0,0.1192,0.0898,
CONFIRMED,,0.01154775,1.121,,,,0.089,
CONFIRMED,1.51094471179,,1.20389172,802.86,5780.0,0.114827,,
CONFIRMED,1.510848,0.01111,1.113,400.0,2550.0,0.117,0.08,
CONFIRMED,,,,366.0,,0.114827,0.090778,
CONFIRMED,2.421937,0.0158,1.097,,2566.0,0.1192,0.0898,
CONFIRMED,2.421848,0.01522,1.049,342.0,2550.0,0.117,0.08,
CONFIRMED,2.4218233,0.01521,1.056,341.9,2559.0,0.117,0.0802,
CONFIRMED,2.4219371,,,,2566.0,0.1192,0.0898,
CONFIRMED,2.42179346,0.01579,,339.7,2520.0,0.1234,0.0898,
CONFIRMED,,0.01581512,1.095,,,,0.089,
CONFIRMED,,,,315.0,,0.114827,0.090778,
CONFIRMED,4.04961,0.02144,0.772,288.0,2559.0,0.117,0.0802,
CONFIRMED,,0.02228038,0.784,,,,0.089,
CONFIRMED,4.049219,0.02227,0.788,,2566.0,0.1192,0.0898,
CONFIRMED,4.04978035,0.02226,,286.2,2520.0,0.1234,0.0898,
CONFIRMED,6.09956479,0.02924,,249.7,2520.0,0.1234,0.0898,
CONFIRMED,6.101013,0.02925,0.92,,2566.0,0.1192,0.0898,
CONFIRMED,6.099615,0.02817,0.918,251.3,2559.0,0.117,0.0802,
CONFIRMED,6.09705,,,,,,,
CONFIRMED,,0.02928285,0.91,,,,0.089,
CONFIRMED,,0.03853361,1.046,,,,0.089,
CONFIRMED,9.20659399,0.038774,,217.7,2520.0,0.1234,0.0898,
CONFIRMED,9.2129,,,,,,,
CONFIRMED,9.20754,0.03849,1.045,,2566.0,0.1192,0.0898,
CONFIRMED,9.20669,0.0371,1.045,219.0,2559.0,0.117,0.0802,
CONFIRMED,,0.04687692,1.148,,,,0.089,
CONFIRMED,12.35294,0.0451,1.127,198.6,2559.0,0.117,0.0802,
CONFIRMED,12.352446,0.04683,1.129,,2566.0,0.1192,0.0898,
CONFIRMED,12.3535557,0.04681528,,197.3,2520.0,0.1234,0.0898,
CONFIRMED,18.772866,0.06189,0.755,,2566.0,0.1192,0.0898,
CONFIRMED,,0.06193488,0.773,,,,0.089,
CONFIRMED,18.767,,0.752,173.0,,0.114827,0.090778,
CONFIRMED,18.7672745,0.0618656,,171.7,2520.0,0.1234,0.0898,
CONFIRMED,20.0,0.063,0.755,168.0,2559.0,0.117,0.0802,
CONFIRMED,24.1396,0.1688,10.27,677.0,,1.345,1.101,108.199
CONFIRMED,24.13861,0.1687,10.22,668.0,4970.0,1.314,1.099,108.199
CONFIRMED,24.1315,,9.53,,,1.33,1.095,108.199
CONFIRMED,24.1399,0.1719,9.72939525,,5050.0,1.278,1.17,108.199
CONFIRMED,24.141341,,,,,1.407,1.135,108.199
CONFIRMED,8.2438,,5.05,,,1.33,1.095,108.199
CONFIRMED,8.24958,0.0825,5.59,968.0,,1.345,1.101,108.199
CONFIRMED,8.24892,0.0841,5.15613112,,5050.0,1.278,1.17,108.199
CONFIRMED,8.24959,,,,,,,108.199
CONFIRMED,12.4032,0.1083,6.41,845.0,,1.345,1.101,108.199
CONFIRMED,12.396,,6.13,,,1.33,1.095,108.199
CONFIRMED,12.4058,0.1103,6.43395492,,5050.0,1.278,1.17,108.199
CONFIRMED,60.0,0.308,8.74,492.0,,1.345,1.101,108.199
CONFIRMED,53.5,,9.97599282,,4941.0,1.43,1.26,108.199
CONFIRMED,44.1699,,9.94,,,1.33,1.095,108.199
CONFIRMED,40.2,0.2409,8.23860081,,5050.0,1.278,1.17,108.199
CONFIRMED,5.72149,0.055,10.53646,770.0,4430.0,0.66,0.69,64.7414
CONFIRMED,5.72148722,,,,,,,64.7414
CONFIRMED,5.7214742,,,,4425.0,0.67,0.683,64.7414
CONFIRMED,5.7214742,,10.55,672.5,4425.0,0.67,,64.7414
CONFIRMED,5.72226,,12.8433,687.0,4233.2,0.73,,64.7414
CONFIRMED,5.72148926,,,,4430.0,0.66,0.69,64.7414
CONFIRMED,5.7214904,,,,,,,64.7414
CONFIRMED,,,,,,,,64.7414
CONFIRMED,5.7214742,,,,4425.0,0.67,,64.7414
CONFIRMED,5.7214742,0.0558,10.626132,,4430.0,0.66,0.69,64.7414
CONFIRMED,5.721488,,,,4430.0,0.66,0.69,64.7414
CONFIRMED,1088.0,,,,4425.0,0.67,,64.7414
CONFIRMED,1088.0,,,,4425.0,0.67,,64.7414
CONFIRMED,1088.0,,,,4425.0,0.67,0.683,64.7414
CONFIRMED,4.0460644,,18.2851,2509.0,6404.0,1.81,,376.658
CONFIRMED,4.04605063,,,,6410.0,1.696,1.32,376.658
CONFIRMED,4.0460654,0.05356,14.94,,,1.696,1.32,376.658
CONFIRMED,4.0460435,0.05453,16.14096,1729.0,6410.0,1.696,1.32,376.658
CONFIRMED,4.0460496,,,,,,,376.658
CONFIRMED,4.046005,,12.0,,,1.38,,376.658
CONFIRMED,4.53346998242,,13.22170304,1206.89,5846.0,1.1971,,453.099
CONFIRMED,4.5334686,,,,,,,453.099
CONFIRMED,4.533471,0.055,12.66617,1290.0,5871.0,1.14,1.077,453.099
CONFIRMED,4.5334682,,,,5871.0,1.14,1.077,453.099
CONFIRMED,3.4088353,,,,6150.0,1.094,1.021,348.494
CONFIRMED,3.40883,0.04469,13.597,1468.0,6150.0,1.094,1.021,348.494
CONFIRMED,3.40883,0.04465,13.596517,,6150.0,1.094,1.021,348.494
CONFIRMED,3.40883458,,,,,,,348.494
CONFIRMED,3.40883502,,,,6150.0,1.094,1.021,348.494
CONFIRMED,3.4088387,0.04464,14.01125,,,1.083,,348.494
CONFIRMED,3.408833,,14.2632,1430.0,6134.0,1.11,,348.494
CONFIRMED,3.40884,0.0445,15.177,1473.0,6084.0,1.123,1.011,348.494
CONFIRMED,4.1591492,,12.64,,5552.0,1.137,1.04,264.78
CONFIRMED,4.15914806,,,,,,,264.78
CONFIRMED,4.159152,,12.251,1146.0,5476.0,1.144,1.01,264.78
CONFIRMED,4.1591287,,12.77,,5576.0,1.15,1.04,264.78
CONFIRMED,4.1591282,,12.71,,5576.0,1.11133,0.984,264.78
CONFIRMED,4.1,,,,5565.0,,,264.78
CONFIRMED,4.1591492,,,,5552.0,1.137,1.04,264.78
CONFIRMED,4.15810694,,,,5576.0,1.11133,0.984,264.78
CONFIRMED,4.1591409,0.051,,1275.0,5576.0,1.15,1.026,264.78
CONFIRMED,4.15915035,,,,5350.0,1.15,1.084,264.78
CONFIRMED,4.1591496,,,,5350.0,1.15,1.084,264.78
CONFIRMED,4.15917,,13.18,,,1.188,,264.78
CONFIRMED,4.159221,0.0507,12.3,,5950.0,1.1,1.003,264.78
CONFIRMED,4.16071,0.052,12.9,,5576.0,1.16,1.11,264.78
CONFIRMED,4.1591399,0.052,12.89,,5350.0,1.15,1.084,264.78
CONFIRMED,4.1591739,,10.5,,5427.0,0.86,,264.78
CONFIRMED,4.1591289,,12.63,,5552.0,1.137,1.04,264.78
CONFIRMED,4.159151,,12.86,,,1.156,1.058,264.78
CONFIRMED,4.1591488,,12.1616,1259.0,5576.0,1.11,,264.78
CONFIRMED,572.0,1.36,,247.0,5576.0,1.15,1.026,264.78
CONFIRMED,588.8,,,,5552.0,1.137,1.04,264.78
CONFIRMED,592.5,,,219.3,5476.0,1.144,1.01,264.78
CONFIRMED,588.5,1.393,,,5552.0,1.137,1.04,264.78
CONFIRMED,588.8,,,,5552.0,1.137,1.04,264.78
CONFIRMED,589.57,,,,,1.156,1.058,264.78
CONFIRMED,580.7,1.41,,,5576.0,1.16,1.11,264.78
CONFIRMED,9.03055,,3.567,,5552.0,1.137,1.04,264.78
CONFIRMED,9.030501,,3.65,,,1.156,1.058,264.78
CONFIRMED,9.03052118,,,,5552.0,1.137,1.04,264.78
CONFIRMED,9.03077,,3.576,,5552.0,1.137,1.04,264.78
CONFIRMED,9.03081,,3.63,,5576.0,1.15,1.04,264.78
CONFIRMED,9.095,0.088,3.71,,5576.0,1.16,1.11,264.78
CONFIRMED,9.0305419,,3.06,,5427.0,0.86,,264.78
CONFIRMED,9.03101,,3.58,885.0,5476.0,1.144,1.01,264.78
CONFIRMED,9.028052,,3.3,,5565.0,1.1,,264.78
CONFIRMED,9.03164,0.085,3.18,,5950.0,1.1,1.003,264.78
CONFIRMED,9.03079,,3.6,,5576.0,1.11133,0.984,264.78
CONFIRMED,0.7895933,,,,5552.0,1.137,1.04,264.78
CONFIRMED,0.78961301,,1.5,,5427.0,0.86,,264.78
CONFIRMED,0.789597,,1.829,,5576.0,1.15,1.04,264.78
CONFIRMED,0.789693,,1.79,,5565.0,1.15,,264.78
CONFIRMED,0.79,,1.773,,5552.0,1.125,1.008,264.78
CONFIRMED,0.78961,,1.83,,,1.156,1.058,264.78
CONFIRMED,0.789655,,1.8,,5565.0,1.1,,264.78
CONFIRMED,0.789518,0.01673,1.64,,5950.0,1.1,1.003,264.78
CONFIRMED,0.7895933,,1.808,,5552.0,1.137,1.04,264.78
CONFIRMED,0.78957,,1.79,1992.0,5476.0,1.144,1.01,264.78
CONFIRMED,0.789636,0.0173,1.82,,5576.0,1.16,1.11,264.78
CONFIRMED,0.789592,,1.81,,5552.0,1.137,1.04,264.78
CONFIRMED,0.789593,,1.817,,5576.0,1.11133,0.984,264.78
CONFIRMED,4.4656294,,,,,,,297.462
CONFIRMED,4.46563013,,,,5960.0,1.06,1.01,297.462
CONFIRMED,4.465633,0.0533,14.572,,5960.0,1.06,1.01,297.462
CONFIRMED,4.4656299,,,,5960.0,1.06,1.01,297.462
CONFIRMED,4.46563432994,,14.64677635,1188.54,6070.0,1.09036,,297.462
CONFIRMED,4.4656243,,14.73,,,1.072,,297.462
CONFIRMED,4.4656291,0.0558,14.964015,1300.0,6070.0,1.102,1.162,297.462
CONFIRMED,4.465635,,14.8,,,1.11,,297.462
CONFIRMED,4.46563,,14.90797,,5900.0,1.09,1.11,297.462
CONFIRMED,4.46659676,,,,6070.0,1.09036,1.134,297.462
CONFIRMED,4.465633,0.05326,14.5717,,5900.0,1.06,1.01,297.462
CONFIRMED,4.466,,,,6070.0,1.09036,1.134,297.462
CONFIRMED,2.4841905,0.03793,15.6,,6090.0,1.39,1.18,294.001
CONFIRMED,2.4841987,,,,6100.0,1.26,1.14,294.001
CONFIRMED,2.48450535,,,,6089.0,1.27553,1.14,294.001
CONFIRMED,2.484193,0.0375,14.235,1710.0,6100.0,1.26,1.14,294.001
CONFIRMED,2.4841981,,15.54,,,1.322,,294.001
CONFIRMED,2.4841939,,11.8,,5994.0,1.13,,294.001
CONFIRMED,2.4841975,,13.3413,1232.0,6089.0,1.28,,294.001
CONFIRMED,2.484193,0.03751,14.23543,,6100.0,1.26,1.14,294.001
CONFIRMED,2.48419726,,,,,,,294.001
CONFIRMED,2.4841976,,,,6100.0,1.26,1.14,294.001
CONFIRMED,6.00127,0.05706,2.043,790.0,4716.0,0.689,0.688,44.526
CONFIRMED,6.00118,0.0571,2.03,805.0,4716.0,0.69,0.688,44.526
CONFIRMED,6.00127,0.05712,2.043,789.0,4716.0,0.689,0.688,44.526
CONFIRMED,,,1.7575203,481.29,4759.0,0.641805,,44.526
