{
  "accuracy": [
    0.6902173757553101,
    0.73267662525177,
    0.7479619383811951,
    0.7606997489929199,
    0.768172562122345,
    0.765625,
    0.772588312625885,
    0.7702106237411499,
    0.7771739363670349,
    0.77683424949646,
    0.78566575050354,
    0.776494562625885,
    0.7827785611152649,
    0.7839673757553101,
    0.7831181883811951,
    0.7911005616188049,
    0.7802309989929199,
    0.7936481237411499,
    0.789402186870575,
    0.7888926863670349,
    0.7980638742446899,
    0.79076087474823,
    0.7953464388847351,
    0.7922893762588501,
    0.79296875,
    0.7992526888847351,
    0.79738450050354,
    0.7987431883811951,
    0.7995923757553101,
    0.7980638742446899,
    0.79857337474823,
    0.7987431883811951,
    0.80129075050354,
    0.79347825050354,
    0.7987431883811951,
    0.80298912525177,
    0.797214686870575,
    0.800441563129425,
    0.80417799949646,
    0.8040081262588501,
    0.8040081262588501,
    0.8074048757553101,
    0.8045176863670349,
    0.803838312625885,
    0.8118206262588501,
    0.807235062122345,
    0.80638587474823,
    0.80247962474823,
    0.80129075050354,
    0.8062160611152649,
    0.807744562625885,
    0.812839686870575,
    0.801630437374115,
    0.81080162525177,
    0.8125,
    0.81080162525177,
    0.8104619383811951,
    0.80519700050354,
    0.8162364363670349,
    0.8104619383811951,
    0.81589674949646,
    0.8084239363670349,
    0.8131793737411499,
    0.81470787525177,
    0.8118206262588501
  ],
  "loss": [
    0.6411284804344177,
    0.5556220412254333,
    0.5261964201927185,
    0.5039160251617432,
    0.49439525604248047,
    0.49232760071754456,
    0.48172080516815186,
    0.4748806655406952,
    0.46800264716148376,
    0.4626905620098114,
    0.4519212245941162,
    0.4588673710823059,
    0.45153915882110596,
    0.45632022619247437,
    0.45464539527893066,
    0.4437355101108551,
    0.44881781935691833,
    0.44082480669021606,
    0.4434637725353241,
    0.437648206949234,
    0.43635305762290955,
    0.4369226396083832,
    0.4356384575366974,
    0.43674561381340027,
    0.4316937029361725,
    0.4327743649482727,
    0.4316130578517914,
    0.4246012568473816,
    0.4285731017589569,
    0.42921531200408936,
    0.42861226201057434,
    0.42594075202941895,
    0.42075324058532715,
    0.4257254898548126,
    0.43051043152809143,
    0.42121621966362,
    0.4214731752872467,
    0.4248350262641907,
    0.416891485452652,
    0.42246121168136597,
    0.41534507274627686,
    0.4190240502357483,
    0.41561850905418396,
    0.4167992174625397,
    0.416622132062912,
    0.4163232743740082,
    0.41215163469314575,
    0.4154380261898041,
    0.41301441192626953,
    0.41570645570755005,
    0.4099351167678833,
    0.4090932011604309,
    0.41105544567108154,
    0.4072822034358978,
    0.4072742760181427,
    0.4046841561794281,
    0.4051659107208252,
    0.41346317529678345,
    0.4038734436035156,
    0.4035777747631073,
    0.39931586384773254,
    0.40630415081977844,
    0.3989589214324951,
    0.3990124762058258,
    0.400494247674942
  ],
  "val_accuracy": [
    0.7601901888847351,
    0.7758151888847351,
    0.7663043737411499,
    0.7710598111152649,
    0.7649456262588501,
    0.77785325050354,
    0.7839673757553101,
    0.7785326242446899,
    0.776494562625885,
    0.7758151888847351,
    0.786005437374115,
    0.78736412525177,
    0.786005437374115,
    0.786005437374115,
    0.7880434989929199,
    0.7900815010070801,
    0.7914401888847351,
    0.79076087474823,
    0.795516312122345,
    0.79347825050354,
    0.79347825050354,
    0.7880434989929199,
    0.7914401888847351,
    0.7880434989929199,
    0.786005437374115,
    0.7880434989929199,
    0.7866848111152649,
    0.7880434989929199,
    0.7880434989929199,
    0.78464674949646,
    0.7832880616188049,
    0.786005437374115,
    0.7805706262588501,
    0.788722813129425,
    0.7900815010070801,
    0.7880434989929199,
    0.782608687877655,
    0.7853260636329651,
    0.7900815010070801,
    0.7900815010070801,
    0.78464674949646,
    0.78464674949646,
    0.78736412525177,
    0.7914401888847351,
    0.792119562625885,
    0.7900815010070801,
    0.78736412525177,
    0.79347825050354,
    0.7948369383811951,
    0.7900815010070801,
    0.7927989363670349,
    0.7880434989929199,
    0.792119562625885,
    0.7914401888847351,
    0.7948369383811951,
    0.789402186870575,
    0.79076087474823,
    0.79076087474823,
    0.7900815010070801,
    0.78736412525177,
    0.795516312122345,
    0.79076087474823,
    0.7900815010070801,
    0.789402186870575,
    0.788722813129425
  ],
  "val_loss": [
    0.5517874956130981,
    0.5132953524589539,
    0.4858366549015045,
    0.4638320803642273,
    0.4577329158782959,
    0.4532870352268219,
    0.44813889265060425,
    0.450428307056427,
    0.44787871837615967,
    0.44705694913864136,
    0.4439218044281006,
    0.44101187586784363,
    0.44042545557022095,
    0.43911680579185486,
    0.4413619935512543,
    0.437386691570282,
    0.43424487113952637,
    0.4328268766403198,
    0.43399080634117126,
    0.4301689863204956,
    0.4304298460483551,
    0.4307040870189667,
    0.43124863505363464,
    0.43034109473228455,
    0.43059319257736206,
    0.43190816044807434,
    0.4335642158985138,
    0.4296456277370453,
    0.4299396872520447,
    0.43045538663864136,
    0.43004509806632996,
    0.43100762367248535,
    0.4276827573776245,
    0.4291036128997803,
    0.4281858801841736,
    0.43011704087257385,
    0.4287441372871399,
    0.42857468128204346,
    0.42909011244773865,
    0.4292011260986328,
    0.4274940490722656,
    0.42590129375457764,
    0.4251817762851715,
    0.42654839158058167,
    0.4246610701084137,
    0.425268292427063,
    0.4263947606086731,
    0.42953595519065857,
    0.4275940954685211,
    0.42970168590545654,
    0.42826882004737854,
    0.42765647172927856,
    0.42752835154533386,
    0.42805957794189453,
    0.42508476972579956,
    0.4248197674751282,
    0.425952672958374,
    0.42727798223495483,
    0.4250553250312805,
    0.42536377906799316,
    0.42473557591438293,
    0.4263756275177002,
    0.42620447278022766,
    0.4248601198196411,
    0.42514461278915405
  ],